學年度,設立別,學校類別,學校統計處代碼,學校名稱,合作學校國家(地區)別,合作學校國家(地區)區域別,與國外及兩岸學校建立姊妹校數(109.02新增),建立跨國學位合作 (雙聯學制)學校數,與國外及兩岸學校進行學術合作交流計畫之件數(109.02新增)
112,公立,一般大學,0001,國立政治大學,馬來西亞,東協,3,0,1
112,公立,一般大學,0001,國立政治大學,菲律賓共和國,東協,5,0,1
112,公立,一般大學,0001,國立政治大學,泰國,東協,8,0,1
112,公立,一般大學,0001,國立政治大學,越南社會主義共和國,東協,7,0,0
112,公立,一般大學,0001,國立政治大學,印度尼西亞共和國,東協,7,1,0
112,公立,一般大學,0001,國立政治大學,新加坡共和國,東協,3,2,0
112,公立,一般大學,0001,國立政治大學,印度,南亞,6,0,0
112,公立,一般大學,0001,國立政治大學,澳門,港澳,1,0,0
112,公立,一般大學,0001,國立政治大學,香港,港澳,9,1,1
112,公立,一般大學,0001,國立政治大學,大陸地區,大陸地區,53,1,1
112,公立,一般大學,0001,國立政治大學,澳大利亞,其他亞洲地區,10,6,2
112,公立,一般大學,0001,國立政治大學,以色列,其他亞洲地區,2,0,0
112,公立,一般大學,0001,國立政治大學,日本,其他亞洲地區,54,12,5
112,公立,一般大學,0001,國立政治大學,大韓民國(南韓),其他亞洲地區,37,2,1
112,公立,一般大學,0001,國立政治大學,科威特,其他亞洲地區,1,0,0
112,公立,一般大學,0001,國立政治大學,阿曼王國,其他亞洲地區,1,0,0
112,公立,一般大學,0001,國立政治大學,沙烏地阿拉伯王國,其他亞洲地區,1,0,0
112,公立,一般大學,0001,國立政治大學,土耳其共和國,其他亞洲地區,7,0,0
112,公立,一般大學,0001,國立政治大學,俄羅斯聯邦,其他亞洲地區,11,0,0
112,公立,一般大學,0001,國立政治大學,烏茲別克共和國,其他亞洲地區,1,0,0
112,公立,一般大學,0001,國立政治大學,紐西蘭,其他亞洲地區,4,0,0
112,公立,一般大學,0001,國立政治大學,約旦哈什米王國,其他亞洲地區,1,0,0
112,公立,一般大學,0001,國立政治大學,烏克蘭,其他亞洲地區,1,0,0
112,公立,一般大學,0001,國立政治大學,蒙古國,其他亞洲地區,1,0,0
112,公立,一般大學,0001,國立政治大學,哈薩克共和國,其他亞洲地區,2,0,0
112,公立,一般大學,0001,國立政治大學,奧地利共和國,歐洲,4,1,0
112,公立,一般大學,0001,國立政治大學,捷克共和國,歐洲,8,0,0
112,公立,一般大學,0001,國立政治大學,丹麥王國,歐洲,4,0,0
112,公立,一般大學,0001,國立政治大學,教廷,歐洲,1,0,0
112,公立,一般大學,0001,國立政治大學,冰島共和國,歐洲,2,0,0
112,公立,一般大學,0001,國立政治大學,列支敦斯登侯國,歐洲,1,0,0
112,公立,一般大學,0001,國立政治大學,挪威王國,歐洲,2,0,0
112,公立,一般大學,0001,國立政治大學,波蘭共和國,歐洲,7,0,0
112,公立,一般大學,0001,國立政治大學,西班牙王國,歐洲,11,0,0
112,公立,一般大學,0001,國立政治大學,瑞典王國,歐洲,6,0,0
112,公立,一般大學,0001,國立政治大學,瑞士聯邦,歐洲,6,0,0
112,公立,一般大學,0001,國立政治大學,英國,歐洲,17,3,3
112,公立,一般大學,0001,國立政治大學,德意志聯邦共和國,歐洲,31,2,0
112,公立,一般大學,0001,國立政治大學,愛沙尼亞共和國,歐洲,1,0,0
112,公立,一般大學,0001,國立政治大學,斯洛伐克共和國,歐洲,1,0,0
112,公立,一般大學,0001,國立政治大學,斯洛維尼亞共和國,歐洲,1,0,0
112,公立,一般大學,0001,國立政治大學,比利時王國,歐洲,9,2,0
112,公立,一般大學,0001,國立政治大學,芬蘭共和國,歐洲,3,0,0
112,公立,一般大學,0001,國立政治大學,法國,歐洲,30,5,0
112,公立,一般大學,0001,國立政治大學,希臘共和國,歐洲,2,0,0
112,公立,一般大學,0001,國立政治大學,匈牙利共和國,歐洲,4,0,0
112,公立,一般大學,0001,國立政治大學,愛爾蘭共和國,歐洲,3,0,0
112,公立,一般大學,0001,國立政治大學,義大利共和國,歐洲,5,0,0
112,公立,一般大學,0001,國立政治大學,荷蘭王國,歐洲,8,0,0
112,公立,一般大學,0001,國立政治大學,羅馬尼亞,歐洲,1,0,0
112,公立,一般大學,0001,國立政治大學,拉脫維亞共和國,歐洲,1,0,0
112,公立,一般大學,0001,國立政治大學,立陶宛共和國,歐洲,3,0,0
112,公立,一般大學,0001,國立政治大學,南非共和國,非洲,1,0,0
112,公立,一般大學,0001,國立政治大學,埃及阿拉伯共和國,非洲,1,0,0
112,公立,一般大學,0001,國立政治大學,摩洛哥王國,非洲,1,0,0
112,公立,一般大學,0001,國立政治大學,加拿大,北美洲,15,0,1
112,公立,一般大學,0001,國立政治大學,美國,北美洲,61,17,7
112,公立,一般大學,0001,國立政治大學,瓜地馬拉共和國,中南美洲,1,0,0
112,公立,一般大學,0001,國立政治大學,阿根廷,中南美洲,1,0,0
112,公立,一般大學,0001,國立政治大學,哥倫比亞共和國,中南美洲,2,0,0
112,公立,一般大學,0001,國立政治大學,秘魯共和國,中南美洲,4,0,0
112,公立,一般大學,0001,國立政治大學,薩爾瓦多,中南美洲,1,0,0
112,公立,一般大學,0001,國立政治大學,墨西哥合眾國,中南美洲,3,0,0
112,公立,一般大學,0001,國立政治大學,尼加拉瓜,中南美洲,2,0,0
112,公立,一般大學,0001,國立政治大學,巴西聯邦共和國,中南美洲,3,0,0
112,公立,一般大學,0001,國立政治大學,智利,中南美洲,1,0,0
112,公立,一般大學,0001,國立政治大學,厄瓜多共和國,中南美洲,2,0,0
112,公立,一般大學,0001,國立政治大學,委內瑞拉共和國,中南美洲,1,0,0
112,公立,一般大學,0002,國立清華大學,菲律賓共和國,東協,3,0,1
112,公立,一般大學,0002,國立清華大學,泰國,東協,7,1,1
112,公立,一般大學,0002,國立清華大學,越南社會主義共和國,東協,3,1,1
112,公立,一般大學,0002,國立清華大學,馬來西亞,東協,6,1,1
112,公立,一般大學,0002,國立清華大學,新加坡共和國,東協,4,0,0
112,公立,一般大學,0002,國立清華大學,汶萊和平之國,東協,1,0,0
112,公立,一般大學,0002,國立清華大學,印度尼西亞共和國,東協,7,1,0
112,公立,一般大學,0002,國立清華大學,印度,南亞,21,5,1
112,公立,一般大學,0002,國立清華大學,澳門,港澳,0,0,1
112,公立,一般大學,0002,國立清華大學,香港,港澳,0,0,2
112,公立,一般大學,0002,國立清華大學,大陸地區,大陸地區,42,2,0
112,公立,一般大學,0002,國立清華大學,紐西蘭,其他亞洲地區,2,0,0
112,公立,一般大學,0002,國立清華大學,以色列,其他亞洲地區,3,1,0
112,公立,一般大學,0002,國立清華大學,日本,其他亞洲地區,25,2,16
112,公立,一般大學,0002,國立清華大學,大韓民國(南韓),其他亞洲地區,15,1,0
112,公立,一般大學,0002,國立清華大學,烏克蘭,其他亞洲地區,1,0,0
112,公立,一般大學,0002,國立清華大學,澳大利亞,其他亞洲地區,7,2,0
112,公立,一般大學,0002,國立清華大學,科威特,其他亞洲地區,1,0,0
112,公立,一般大學,0002,國立清華大學,沙烏地阿拉伯王國,其他亞洲地區,1,0,0
112,公立,一般大學,0002,國立清華大學,土耳其共和國,其他亞洲地區,3,0,0
112,公立,一般大學,0002,國立清華大學,蒙古國,其他亞洲地區,2,0,2
112,公立,一般大學,0002,國立清華大學,俄羅斯聯邦,其他亞洲地區,4,0,2
112,公立,一般大學,0002,國立清華大學,哈薩克共和國,其他亞洲地區,1,0,0
112,公立,一般大學,0002,國立清華大學,捷克共和國,歐洲,9,1,4
112,公立,一般大學,0002,國立清華大學,芬蘭共和國,歐洲,1,0,0
112,公立,一般大學,0002,國立清華大學,法國,歐洲,23,3,0
112,公立,一般大學,0002,國立清華大學,希臘共和國,歐洲,1,0,0
112,公立,一般大學,0002,國立清華大學,匈牙利共和國,歐洲,2,0,0
112,公立,一般大學,0002,國立清華大學,義大利共和國,歐洲,7,0,0
112,公立,一般大學,0002,國立清華大學,荷蘭王國,歐洲,2,0,1
112,公立,一般大學,0002,國立清華大學,瑞典王國,歐洲,2,0,1
112,公立,一般大學,0002,國立清華大學,斯洛維尼亞共和國,歐洲,1,0,0
112,公立,一般大學,0002,國立清華大學,奧地利共和國,歐洲,1,0,0
112,公立,一般大學,0002,國立清華大學,比利時王國,歐洲,3,2,0
112,公立,一般大學,0002,國立清華大學,愛爾蘭共和國,歐洲,1,1,0
112,公立,一般大學,0002,國立清華大學,挪威王國,歐洲,1,0,0
112,公立,一般大學,0002,國立清華大學,波蘭共和國,歐洲,4,0,0
112,公立,一般大學,0002,國立清華大學,葡萄牙共和國,歐洲,1,0,0
112,公立,一般大學,0002,國立清華大學,西班牙王國,歐洲,7,0,0
112,公立,一般大學,0002,國立清華大學,瑞士聯邦,歐洲,3,1,0
112,公立,一般大學,0002,國立清華大學,英國,歐洲,8,1,4
112,公立,一般大學,0002,國立清華大學,德意志聯邦共和國,歐洲,15,1,3
112,公立,一般大學,0002,國立清華大學,拉脫維亞共和國,歐洲,0,0,2
112,公立,一般大學,0002,國立清華大學,立陶宛共和國,歐洲,3,0,0
112,公立,一般大學,0002,國立清華大學,斯洛伐克共和國,歐洲,1,0,0
112,公立,一般大學,0002,國立清華大學,肯亞共和國,非洲,1,0,0
112,公立,一般大學,0002,國立清華大學,南非共和國,非洲,1,0,0
112,公立,一般大學,0002,國立清華大學,坦尚尼亞聯合共和國,非洲,1,0,0
112,公立,一般大學,0002,國立清華大學,加拿大,北美洲,6,2,2
112,公立,一般大學,0002,國立清華大學,美國,北美洲,33,6,22
112,公立,一般大學,0002,國立清華大學,墨西哥合眾國,中南美洲,2,0,0
112,公立,一般大學,0002,國立清華大學,巴西聯邦共和國,中南美洲,1,0,0
112,公立,一般大學,0002,國立清華大學,智利,中南美洲,1,0,0
112,公立,一般大學,0002,國立清華大學,秘魯共和國,中南美洲,1,0,0
112,公立,一般大學,0002,國立清華大學,厄瓜多共和國,中南美洲,1,0,0
112,公立,一般大學,0003,國立臺灣大學,新加坡共和國,東協,0,1,1
112,公立,一般大學,0003,國立臺灣大學,越南社會主義共和國,東協,0,0,1
112,公立,一般大學,0003,國立臺灣大學,印度尼西亞共和國,東協,0,1,0
112,公立,一般大學,0003,國立臺灣大學,菲律賓共和國,東協,1,0,1
112,公立,一般大學,0003,國立臺灣大學,泰國,東協,0,0,1
112,公立,一般大學,0003,國立臺灣大學,印度,南亞,3,1,5
112,公立,一般大學,0003,國立臺灣大學,香港,港澳,0,1,0
112,公立,一般大學,0003,國立臺灣大學,澳大利亞,其他亞洲地區,0,0,2
112,公立,一般大學,0003,國立臺灣大學,日本,其他亞洲地區,4,3,10
112,公立,一般大學,0003,國立臺灣大學,大韓民國(南韓),其他亞洲地區,1,0,1
112,公立,一般大學,0003,國立臺灣大學,俄羅斯聯邦,其他亞洲地區,0,0,1
112,公立,一般大學,0003,國立臺灣大學,比利時王國,歐洲,0,0,1
112,公立,一般大學,0003,國立臺灣大學,葡萄牙共和國,歐洲,0,0,1
112,公立,一般大學,0003,國立臺灣大學,西班牙王國,歐洲,2,0,1
112,公立,一般大學,0003,國立臺灣大學,德意志聯邦共和國,歐洲,2,1,5
112,公立,一般大學,0003,國立臺灣大學,立陶宛共和國,歐洲,0,0,1
112,公立,一般大學,0003,國立臺灣大學,捷克共和國,歐洲,1,0,2
112,公立,一般大學,0003,國立臺灣大學,法國,歐洲,5,1,6
112,公立,一般大學,0003,國立臺灣大學,荷蘭王國,歐洲,1,0,0
112,公立,一般大學,0003,國立臺灣大學,挪威王國,歐洲,1,0,0
112,公立,一般大學,0003,國立臺灣大學,波蘭共和國,歐洲,0,0,3
112,公立,一般大學,0003,國立臺灣大學,瑞典王國,歐洲,1,0,0
112,公立,一般大學,0003,國立臺灣大學,英國,歐洲,4,0,6
112,公立,一般大學,0003,國立臺灣大學,斯洛維尼亞共和國,歐洲,0,0,1
112,公立,一般大學,0003,國立臺灣大學,馬拉威共和國,非洲,0,0,1
112,公立,一般大學,0003,國立臺灣大學,加拿大,北美洲,0,0,1
112,公立,一般大學,0003,國立臺灣大學,美國,北美洲,3,0,11
112,公立,一般大學,0004,國立臺灣師範大學,馬來西亞,東協,4,1,1
112,公立,一般大學,0004,國立臺灣師範大學,菲律賓共和國,東協,4,0,0
112,公立,一般大學,0004,國立臺灣師範大學,泰國,東協,16,0,0
112,公立,一般大學,0004,國立臺灣師範大學,印度尼西亞共和國,東協,8,2,0
112,公立,一般大學,0004,國立臺灣師範大學,新加坡共和國,東協,3,1,0
112,公立,一般大學,0004,國立臺灣師範大學,越南社會主義共和國,東協,14,0,0
112,公立,一般大學,0004,國立臺灣師範大學,印度,南亞,3,1,2
112,公立,一般大學,0004,國立臺灣師範大學,香港,港澳,5,0,0
112,公立,一般大學,0004,國立臺灣師範大學,澳門,港澳,1,0,0
112,公立,一般大學,0004,國立臺灣師範大學,大陸地區,大陸地區,53,1,0
112,公立,一般大學,0004,國立臺灣師範大學,澳大利亞,其他亞洲地區,7,0,1
112,公立,一般大學,0004,國立臺灣師範大學,紐西蘭,其他亞洲地區,2,0,0
112,公立,一般大學,0004,國立臺灣師範大學,以色列,其他亞洲地區,1,0,0
112,公立,一般大學,0004,國立臺灣師範大學,日本,其他亞洲地區,58,3,3
112,公立,一般大學,0004,國立臺灣師範大學,烏克蘭,其他亞洲地區,1,0,0
112,公立,一般大學,0004,國立臺灣師範大學,俄羅斯聯邦,其他亞洲地區,4,0,0
112,公立,一般大學,0004,國立臺灣師範大學,大韓民國(南韓),其他亞洲地區,31,5,0
112,公立,一般大學,0004,國立臺灣師範大學,土耳其共和國,其他亞洲地區,1,0,0
112,公立,一般大學,0004,國立臺灣師範大學,蒙古國,其他亞洲地區,0,0,1
112,公立,一般大學,0004,國立臺灣師範大學,捷克共和國,歐洲,4,0,0
112,公立,一般大學,0004,國立臺灣師範大學,荷蘭王國,歐洲,3,0,1
112,公立,一般大學,0004,國立臺灣師範大學,挪威王國,歐洲,1,0,0
112,公立,一般大學,0004,國立臺灣師範大學,波蘭共和國,歐洲,2,0,0
112,公立,一般大學,0004,國立臺灣師範大學,瑞典王國,歐洲,5,1,0
112,公立,一般大學,0004,國立臺灣師範大學,瑞士聯邦,歐洲,3,0,0
112,公立,一般大學,0004,國立臺灣師範大學,英國,歐洲,15,1,2
112,公立,一般大學,0004,國立臺灣師範大學,愛沙尼亞共和國,歐洲,0,0,1
112,公立,一般大學,0004,國立臺灣師範大學,斯洛維尼亞共和國,歐洲,1,0,0
112,公立,一般大學,0004,國立臺灣師範大學,奧地利共和國,歐洲,2,0,0
112,公立,一般大學,0004,國立臺灣師範大學,比利時王國,歐洲,2,0,0
112,公立,一般大學,0004,國立臺灣師範大學,丹麥王國,歐洲,1,0,0
112,公立,一般大學,0004,國立臺灣師範大學,芬蘭共和國,歐洲,6,1,1
112,公立,一般大學,0004,國立臺灣師範大學,法國,歐洲,16,2,1
112,公立,一般大學,0004,國立臺灣師範大學,匈牙利共和國,歐洲,1,0,0
112,公立,一般大學,0004,國立臺灣師範大學,愛爾蘭共和國,歐洲,2,0,0
112,公立,一般大學,0004,國立臺灣師範大學,義大利共和國,歐洲,2,0,0
112,公立,一般大學,0004,國立臺灣師範大學,羅馬尼亞,歐洲,1,0,0
112,公立,一般大學,0004,國立臺灣師範大學,西班牙王國,歐洲,3,0,0
112,公立,一般大學,0004,國立臺灣師範大學,德意志聯邦共和國,歐洲,19,1,0
112,公立,一般大學,0004,國立臺灣師範大學,立陶宛共和國,歐洲,3,0,0
112,公立,一般大學,0004,國立臺灣師範大學,斯洛伐克共和國,歐洲,1,0,0
112,公立,一般大學,0004,國立臺灣師範大學,南非共和國,非洲,1,0,0
112,公立,一般大學,0004,國立臺灣師範大學,加拿大,北美洲,6,0,0
112,公立,一般大學,0004,國立臺灣師範大學,美國,北美洲,43,6,2
112,公立,一般大學,0004,國立臺灣師範大學,宏都拉斯共和國,中南美洲,1,0,0
112,公立,一般大學,0004,國立臺灣師範大學,多明尼加共和國,中南美洲,1,0,0
112,公立,一般大學,0004,國立臺灣師範大學,巴西聯邦共和國,中南美洲,1,0,0
112,公立,一般大學,0004,國立臺灣師範大學,巴拉圭,中南美洲,1,0,0
112,公立,一般大學,0005,國立成功大學,馬來西亞,東協,10,6,20
112,公立,一般大學,0005,國立成功大學,菲律賓共和國,東協,0,0,3
112,公立,一般大學,0005,國立成功大學,新加坡共和國,東協,4,0,6
112,公立,一般大學,0005,國立成功大學,泰國,東協,8,3,8
112,公立,一般大學,0005,國立成功大學,越南社會主義共和國,東協,6,0,6
112,公立,一般大學,0005,國立成功大學,印度尼西亞共和國,東協,22,3,3
112,公立,一般大學,0005,國立成功大學,印度,南亞,12,0,10
112,公立,一般大學,0005,國立成功大學,大陸地區,大陸地區,12,0,7
112,公立,一般大學,0005,國立成功大學,澳大利亞,其他亞洲地區,9,2,5
112,公立,一般大學,0005,國立成功大學,紐西蘭,其他亞洲地區,1,0,4
112,公立,一般大學,0005,國立成功大學,蒙古國,其他亞洲地區,0,0,2
112,公立,一般大學,0005,國立成功大學,伊朗伊斯蘭共和國,其他亞洲地區,1,0,0
112,公立,一般大學,0005,國立成功大學,日本,其他亞洲地區,43,5,30
112,公立,一般大學,0005,國立成功大學,大韓民國(南韓),其他亞洲地區,13,1,6
112,公立,一般大學,0005,國立成功大學,沙烏地阿拉伯王國,其他亞洲地區,1,0,0
112,公立,一般大學,0005,國立成功大學,土耳其共和國,其他亞洲地區,9,0,0
112,公立,一般大學,0005,國立成功大學,俄羅斯聯邦,其他亞洲地區,2,0,6
112,公立,一般大學,0005,國立成功大學,奧地利共和國,歐洲,3,0,0
112,公立,一般大學,0005,國立成功大學,捷克共和國,歐洲,8,0,6
112,公立,一般大學,0005,國立成功大學,丹麥王國,歐洲,1,0,0
112,公立,一般大學,0005,國立成功大學,希臘共和國,歐洲,0,0,1
112,公立,一般大學,0005,國立成功大學,義大利共和國,歐洲,2,1,0
112,公立,一般大學,0005,國立成功大學,荷蘭王國,歐洲,4,0,7
112,公立,一般大學,0005,國立成功大學,波蘭共和國,歐洲,4,0,2
112,公立,一般大學,0005,國立成功大學,西班牙王國,歐洲,3,0,0
112,公立,一般大學,0005,國立成功大學,瑞士聯邦,歐洲,0,0,4
112,公立,一般大學,0005,國立成功大學,英國,歐洲,8,3,10
112,公立,一般大學,0005,國立成功大學,斯洛維尼亞共和國,歐洲,1,0,1
112,公立,一般大學,0005,國立成功大學,比利時王國,歐洲,2,0,1
112,公立,一般大學,0005,國立成功大學,芬蘭共和國,歐洲,2,0,0
112,公立,一般大學,0005,國立成功大學,法國,歐洲,23,4,6
112,公立,一般大學,0005,國立成功大學,匈牙利共和國,歐洲,1,0,0
112,公立,一般大學,0005,國立成功大學,愛爾蘭共和國,歐洲,1,0,0
112,公立,一般大學,0005,國立成功大學,挪威王國,歐洲,2,0,0
112,公立,一般大學,0005,國立成功大學,瑞典王國,歐洲,1,0,0
112,公立,一般大學,0005,國立成功大學,德意志聯邦共和國,歐洲,11,1,22
112,公立,一般大學,0005,國立成功大學,克羅埃西亞共和國,歐洲,1,0,0
112,公立,一般大學,0005,國立成功大學,立陶宛共和國,歐洲,4,0,3
112,公立,一般大學,0005,國立成功大學,斯洛伐克共和國,歐洲,1,0,2
112,公立,一般大學,0005,國立成功大學,南非共和國,非洲,1,0,0
112,公立,一般大學,0005,國立成功大學,加拿大,北美洲,9,1,7
112,公立,一般大學,0005,國立成功大學,美國,北美洲,57,13,67
112,公立,一般大學,0005,國立成功大學,墨西哥合眾國,中南美洲,1,0,0
112,公立,一般大學,0005,國立成功大學,巴西聯邦共和國,中南美洲,1,0,0
112,公立,一般大學,0005,國立成功大學,秘魯共和國,中南美洲,1,0,0
112,公立,一般大學,0006,國立中興大學,馬來西亞,東協,8,1,0
112,公立,一般大學,0006,國立中興大學,菲律賓共和國,東協,15,0,2
112,公立,一般大學,0006,國立中興大學,新加坡共和國,東協,0,0,1
112,公立,一般大學,0006,國立中興大學,泰國,東協,22,1,10
112,公立,一般大學,0006,國立中興大學,印度尼西亞共和國,東協,11,3,0
112,公立,一般大學,0006,國立中興大學,越南社會主義共和國,東協,22,3,2
112,公立,一般大學,0006,國立中興大學,尼泊爾聯邦民主共和國,南亞,2,0,0
112,公立,一般大學,0006,國立中興大學,斯里蘭卡民主社會主義共和國,南亞,1,0,0
112,公立,一般大學,0006,國立中興大學,印度,南亞,21,1,0
112,公立,一般大學,0006,國立中興大學,香港,港澳,4,0,0
112,公立,一般大學,0006,國立中興大學,大陸地區,大陸地區,63,1,0
112,公立,一般大學,0006,國立中興大學,澳大利亞,其他亞洲地區,12,2,2
112,公立,一般大學,0006,國立中興大學,沙烏地阿拉伯王國,其他亞洲地區,0,0,1
112,公立,一般大學,0006,國立中興大學,土耳其共和國,其他亞洲地區,8,0,0
112,公立,一般大學,0006,國立中興大學,蒙古國,其他亞洲地區,1,0,0
112,公立,一般大學,0006,國立中興大學,俄羅斯聯邦,其他亞洲地區,7,0,1
112,公立,一般大學,0006,國立中興大學,紐西蘭,其他亞洲地區,1,1,0
112,公立,一般大學,0006,國立中興大學,日本,其他亞洲地區,46,3,7
112,公立,一般大學,0006,國立中興大學,大韓民國(南韓),其他亞洲地區,19,0,0
112,公立,一般大學,0006,國立中興大學,阿拉伯聯合大公國,其他亞洲地區,1,0,0
112,公立,一般大學,0006,國立中興大學,烏克蘭,其他亞洲地區,1,0,0
112,公立,一般大學,0006,國立中興大學,奧地利共和國,歐洲,2,0,2
112,公立,一般大學,0006,國立中興大學,捷克共和國,歐洲,8,1,2
112,公立,一般大學,0006,國立中興大學,丹麥王國,歐洲,2,0,0
112,公立,一般大學,0006,國立中興大學,荷蘭王國,歐洲,3,2,1
112,公立,一般大學,0006,國立中興大學,挪威王國,歐洲,2,0,0
112,公立,一般大學,0006,國立中興大學,波蘭共和國,歐洲,6,0,0
112,公立,一般大學,0006,國立中興大學,西班牙王國,歐洲,5,0,0
112,公立,一般大學,0006,國立中興大學,瑞典王國,歐洲,1,0,0
112,公立,一般大學,0006,國立中興大學,英國,歐洲,6,0,4
112,公立,一般大學,0006,國立中興大學,德意志聯邦共和國,歐洲,17,0,1
112,公立,一般大學,0006,國立中興大學,立陶宛共和國,歐洲,2,0,0
112,公立,一般大學,0006,國立中興大學,斯洛伐克共和國,歐洲,0,0,1
112,公立,一般大學,0006,國立中興大學,比利時王國,歐洲,3,0,1
112,公立,一般大學,0006,國立中興大學,芬蘭共和國,歐洲,2,0,1
112,公立,一般大學,0006,國立中興大學,法國,歐洲,14,5,1
112,公立,一般大學,0006,國立中興大學,匈牙利共和國,歐洲,1,0,0
112,公立,一般大學,0006,國立中興大學,義大利共和國,歐洲,6,0,0
112,公立,一般大學,0006,國立中興大學,羅馬尼亞,歐洲,1,0,0
112,公立,一般大學,0006,國立中興大學,愛沙尼亞共和國,歐洲,0,0,1
112,公立,一般大學,0006,國立中興大學,斯洛維尼亞共和國,歐洲,0,0,1
112,公立,一般大學,0006,國立中興大學,加拿大,北美洲,2,0,0
112,公立,一般大學,0006,國立中興大學,美國,北美洲,67,12,15
112,公立,一般大學,0006,國立中興大學,貝里斯,中南美洲,1,0,0
112,公立,一般大學,0006,國立中興大學,聖克里斯多福及尼維斯,中南美洲,1,0,0
112,公立,一般大學,0006,國立中興大學,哥斯大黎加共和國,中南美洲,1,0,0
112,公立,一般大學,0006,國立中興大學,墨西哥合眾國,中南美洲,2,0,1
112,公立,一般大學,0006,國立中興大學,巴西聯邦共和國,中南美洲,2,0,0
112,公立,一般大學,0006,國立中興大學,智利,中南美洲,1,0,0
112,公立,一般大學,0006,國立中興大學,厄瓜多共和國,中南美洲,1,1,0
112,公立,一般大學,0006,國立中興大學,巴拉圭,中南美洲,1,0,0
112,公立,一般大學,0007,國立陽明交通大學,馬來西亞,東協,7,2,1
112,公立,一般大學,0007,國立陽明交通大學,菲律賓共和國,東協,4,0,1
112,公立,一般大學,0007,國立陽明交通大學,新加坡共和國,東協,4,0,0
112,公立,一般大學,0007,國立陽明交通大學,泰國,東協,7,0,0
112,公立,一般大學,0007,國立陽明交通大學,越南社會主義共和國,東協,15,3,0
112,公立,一般大學,0007,國立陽明交通大學,汶萊和平之國,東協,1,0,0
112,公立,一般大學,0007,國立陽明交通大學,印度尼西亞共和國,東協,7,2,0
112,公立,一般大學,0007,國立陽明交通大學,印度,南亞,9,2,7
112,公立,一般大學,0007,國立陽明交通大學,香港,港澳,5,0,0
112,公立,一般大學,0007,國立陽明交通大學,大陸地區,大陸地區,34,1,0
112,公立,一般大學,0007,國立陽明交通大學,伊朗伊斯蘭共和國,其他亞洲地區,1,1,0
112,公立,一般大學,0007,國立陽明交通大學,紐西蘭,其他亞洲地區,1,0,0
112,公立,一般大學,0007,國立陽明交通大學,蒙古國,其他亞洲地區,1,0,1
112,公立,一般大學,0007,國立陽明交通大學,哈薩克共和國,其他亞洲地區,1,0,0
112,公立,一般大學,0007,國立陽明交通大學,亞美尼亞共和國,其他亞洲地區,1,1,0
112,公立,一般大學,0007,國立陽明交通大學,澳大利亞,其他亞洲地區,4,1,0
112,公立,一般大學,0007,國立陽明交通大學,以色列,其他亞洲地區,2,0,1
112,公立,一般大學,0007,國立陽明交通大學,日本,其他亞洲地區,44,7,2
112,公立,一般大學,0007,國立陽明交通大學,大韓民國(南韓),其他亞洲地區,15,1,0
112,公立,一般大學,0007,國立陽明交通大學,土耳其共和國,其他亞洲地區,3,1,0
112,公立,一般大學,0007,國立陽明交通大學,俄羅斯聯邦,其他亞洲地區,5,0,2
112,公立,一般大學,0007,國立陽明交通大學,比利時王國,歐洲,3,1,2
112,公立,一般大學,0007,國立陽明交通大學,保加利亞共和國,歐洲,0,0,1
112,公立,一般大學,0007,國立陽明交通大學,芬蘭共和國,歐洲,3,0,0
112,公立,一般大學,0007,國立陽明交通大學,法國,歐洲,36,5,4
112,公立,一般大學,0007,國立陽明交通大學,希臘共和國,歐洲,1,0,1
112,公立,一般大學,0007,國立陽明交通大學,匈牙利共和國,歐洲,2,0,0
112,公立,一般大學,0007,國立陽明交通大學,義大利共和國,歐洲,4,1,0
112,公立,一般大學,0007,國立陽明交通大學,立陶宛共和國,歐洲,2,0,0
112,公立,一般大學,0007,國立陽明交通大學,奧地利共和國,歐洲,2,0,0
112,公立,一般大學,0007,國立陽明交通大學,捷克共和國,歐洲,5,0,2
112,公立,一般大學,0007,國立陽明交通大學,丹麥王國,歐洲,2,0,0
112,公立,一般大學,0007,國立陽明交通大學,荷蘭王國,歐洲,4,1,0
112,公立,一般大學,0007,國立陽明交通大學,挪威王國,歐洲,1,0,0
112,公立,一般大學,0007,國立陽明交通大學,波蘭共和國,歐洲,1,0,2
112,公立,一般大學,0007,國立陽明交通大學,西班牙王國,歐洲,4,0,4
112,公立,一般大學,0007,國立陽明交通大學,瑞典王國,歐洲,3,1,4
112,公立,一般大學,0007,國立陽明交通大學,瑞士聯邦,歐洲,2,0,0
112,公立,一般大學,0007,國立陽明交通大學,英國,歐洲,4,1,1
112,公立,一般大學,0007,國立陽明交通大學,德意志聯邦共和國,歐洲,16,2,7
112,公立,一般大學,0007,國立陽明交通大學,愛沙尼亞共和國,歐洲,0,0,1
112,公立,一般大學,0007,國立陽明交通大學,斯洛伐克共和國,歐洲,0,0,2
112,公立,一般大學,0007,國立陽明交通大學,南非共和國,非洲,1,0,0
112,公立,一般大學,0007,國立陽明交通大學,加拿大,北美洲,7,0,1
112,公立,一般大學,0007,國立陽明交通大學,美國,北美洲,42,16,9
112,公立,一般大學,0007,國立陽明交通大學,墨西哥合眾國,中南美洲,1,0,0
112,公立,一般大學,0007,國立陽明交通大學,阿根廷,中南美洲,1,0,0
112,公立,一般大學,0007,國立陽明交通大學,秘魯共和國,中南美洲,1,0,0
112,公立,一般大學,0008,國立中央大學,馬來西亞,東協,5,0,2
112,公立,一般大學,0008,國立中央大學,菲律賓共和國,東協,5,1,2
112,公立,一般大學,0008,國立中央大學,泰國,東協,5,0,0
112,公立,一般大學,0008,國立中央大學,印度尼西亞共和國,東協,21,5,1
112,公立,一般大學,0008,國立中央大學,新加坡共和國,東協,2,0,1
112,公立,一般大學,0008,國立中央大學,越南社會主義共和國,東協,17,1,1
112,公立,一般大學,0008,國立中央大學,印度,南亞,15,0,6
112,公立,一般大學,0008,國立中央大學,香港,港澳,6,0,2
112,公立,一般大學,0008,國立中央大學,大陸地區,大陸地區,57,2,0
112,公立,一般大學,0008,國立中央大學,澳大利亞,其他亞洲地區,2,1,0
112,公立,一般大學,0008,國立中央大學,以色列,其他亞洲地區,1,0,0
112,公立,一般大學,0008,國立中央大學,日本,其他亞洲地區,36,5,2
112,公立,一般大學,0008,國立中央大學,俄羅斯聯邦,其他亞洲地區,0,0,1
112,公立,一般大學,0008,國立中央大學,大韓民國(南韓),其他亞洲地區,19,0,0
112,公立,一般大學,0008,國立中央大學,土耳其共和國,其他亞洲地區,7,0,0
112,公立,一般大學,0008,國立中央大學,蒙古國,其他亞洲地區,1,0,1
112,公立,一般大學,0008,國立中央大學,捷克共和國,歐洲,6,0,3
112,公立,一般大學,0008,國立中央大學,丹麥王國,歐洲,1,0,0
112,公立,一般大學,0008,國立中央大學,摩納哥侯國,歐洲,1,0,0
112,公立,一般大學,0008,國立中央大學,荷蘭王國,歐洲,1,0,0
112,公立,一般大學,0008,國立中央大學,挪威王國,歐洲,1,0,0
112,公立,一般大學,0008,國立中央大學,波蘭共和國,歐洲,1,0,2
112,公立,一般大學,0008,國立中央大學,葡萄牙共和國,歐洲,1,0,0
112,公立,一般大學,0008,國立中央大學,瑞典王國,歐洲,4,0,1
112,公立,一般大學,0008,國立中央大學,瑞士聯邦,歐洲,3,0,3
112,公立,一般大學,0008,國立中央大學,愛沙尼亞共和國,歐洲,1,0,0
112,公立,一般大學,0008,國立中央大學,拉脫維亞共和國,歐洲,0,0,1
112,公立,一般大學,0008,國立中央大學,奧地利共和國,歐洲,1,0,0
112,公立,一般大學,0008,國立中央大學,比利時王國,歐洲,4,0,0
112,公立,一般大學,0008,國立中央大學,保加利亞共和國,歐洲,1,0,0
112,公立,一般大學,0008,國立中央大學,芬蘭共和國,歐洲,4,0,0
112,公立,一般大學,0008,國立中央大學,法國,歐洲,39,5,3
112,公立,一般大學,0008,國立中央大學,義大利共和國,歐洲,4,0,1
112,公立,一般大學,0008,國立中央大學,羅馬尼亞,歐洲,1,0,0
112,公立,一般大學,0008,國立中央大學,西班牙王國,歐洲,9,0,0
112,公立,一般大學,0008,國立中央大學,英國,歐洲,1,0,3
112,公立,一般大學,0008,國立中央大學,德意志聯邦共和國,歐洲,11,0,8
112,公立,一般大學,0008,國立中央大學,立陶宛共和國,歐洲,2,0,0
112,公立,一般大學,0008,國立中央大學,斯洛伐克共和國,歐洲,2,0,0
112,公立,一般大學,0008,國立中央大學,埃及阿拉伯共和國,非洲,1,0,0
112,公立,一般大學,0008,國立中央大學,南非共和國,非洲,1,0,0
112,公立,一般大學,0008,國立中央大學,加拿大,北美洲,3,0,0
112,公立,一般大學,0008,國立中央大學,美國,北美洲,19,7,10
112,公立,一般大學,0008,國立中央大學,巴哈馬,中南美洲,1,0,0
112,公立,一般大學,0008,國立中央大學,巴拿馬共和國,中南美洲,3,0,0
112,公立,一般大學,0009,國立中山大學,新加坡共和國,東協,3,1,0
112,公立,一般大學,0009,國立中山大學,馬來西亞,東協,8,0,0
112,公立,一般大學,0009,國立中山大學,菲律賓共和國,東協,14,2,2
112,公立,一般大學,0009,國立中山大學,泰國,東協,12,2,0
112,公立,一般大學,0009,國立中山大學,越南社會主義共和國,東協,13,0,0
112,公立,一般大學,0009,國立中山大學,印度尼西亞共和國,東協,10,3,0
112,公立,一般大學,0009,國立中山大學,斯里蘭卡民主社會主義共和國,南亞,3,1,1
112,公立,一般大學,0009,國立中山大學,印度,南亞,11,0,0
112,公立,一般大學,0009,國立中山大學,香港,港澳,5,0,0
112,公立,一般大學,0009,國立中山大學,大陸地區,大陸地區,29,2,0
112,公立,一般大學,0009,國立中山大學,日本,其他亞洲地區,34,0,0
112,公立,一般大學,0009,國立中山大學,阿拉伯聯合大公國,其他亞洲地區,1,0,0
112,公立,一般大學,0009,國立中山大學,澳大利亞,其他亞洲地區,4,0,0
112,公立,一般大學,0009,國立中山大學,大韓民國(南韓),其他亞洲地區,10,1,0
112,公立,一般大學,0009,國立中山大學,土耳其共和國,其他亞洲地區,3,0,0
112,公立,一般大學,0009,國立中山大學,蒙古國,其他亞洲地區,2,0,0
112,公立,一般大學,0009,國立中山大學,俄羅斯聯邦,其他亞洲地區,7,0,0
112,公立,一般大學,0009,國立中山大學,捷克共和國,歐洲,4,0,0
112,公立,一般大學,0009,國立中山大學,法國,歐洲,28,4,0
112,公立,一般大學,0009,國立中山大學,匈牙利共和國,歐洲,1,0,0
112,公立,一般大學,0009,國立中山大學,義大利共和國,歐洲,9,0,0
112,公立,一般大學,0009,國立中山大學,荷蘭王國,歐洲,4,0,0
112,公立,一般大學,0009,國立中山大學,瑞士聯邦,歐洲,2,0,0
112,公立,一般大學,0009,國立中山大學,德意志聯邦共和國,歐洲,16,0,1
112,公立,一般大學,0009,國立中山大學,愛沙尼亞共和國,歐洲,2,0,0
112,公立,一般大學,0009,國立中山大學,拉脫維亞共和國,歐洲,1,0,0
112,公立,一般大學,0009,國立中山大學,立陶宛共和國,歐洲,3,1,3
112,公立,一般大學,0009,國立中山大學,奧地利共和國,歐洲,1,1,0
112,公立,一般大學,0009,國立中山大學,比利時王國,歐洲,4,3,0
112,公立,一般大學,0009,國立中山大學,保加利亞共和國,歐洲,1,0,0
112,公立,一般大學,0009,國立中山大學,丹麥王國,歐洲,2,0,0
112,公立,一般大學,0009,國立中山大學,芬蘭共和國,歐洲,2,0,0
112,公立,一般大學,0009,國立中山大學,挪威王國,歐洲,1,0,0
112,公立,一般大學,0009,國立中山大學,波蘭共和國,歐洲,4,0,1
112,公立,一般大學,0009,國立中山大學,西班牙王國,歐洲,3,0,0
112,公立,一般大學,0009,國立中山大學,瑞典王國,歐洲,5,0,0
112,公立,一般大學,0009,國立中山大學,英國,歐洲,4,2,0
112,公立,一般大學,0009,國立中山大學,克羅埃西亞共和國,歐洲,1,0,0
112,公立,一般大學,0009,國立中山大學,斯洛伐克共和國,歐洲,2,0,0
112,公立,一般大學,0009,國立中山大學,加拿大,北美洲,6,1,0
112,公立,一般大學,0009,國立中山大學,美國,北美洲,18,5,3
112,公立,一般大學,0009,國立中山大學,智利,中南美洲,2,0,0
112,公立,一般大學,0009,國立中山大學,哥倫比亞共和國,中南美洲,1,0,0
112,公立,一般大學,0009,國立中山大學,秘魯共和國,中南美洲,1,0,0
112,公立,一般大學,0009,國立中山大學,墨西哥合眾國,中南美洲,1,0,0
112,公立,一般大學,0012,國立臺灣海洋大學,馬來西亞,東協,6,0,0
112,公立,一般大學,0012,國立臺灣海洋大學,越南社會主義共和國,東協,13,0,1
112,公立,一般大學,0012,國立臺灣海洋大學,菲律賓共和國,東協,9,0,1
112,公立,一般大學,0012,國立臺灣海洋大學,新加坡共和國,東協,0,0,1
112,公立,一般大學,0012,國立臺灣海洋大學,泰國,東協,7,0,0
112,公立,一般大學,0012,國立臺灣海洋大學,印度尼西亞共和國,東協,10,0,2
112,公立,一般大學,0012,國立臺灣海洋大學,印度,南亞,6,0,0
112,公立,一般大學,0012,國立臺灣海洋大學,香港,港澳,1,0,0
112,公立,一般大學,0012,國立臺灣海洋大學,大陸地區,大陸地區,24,1,1
112,公立,一般大學,0012,國立臺灣海洋大學,澳大利亞,其他亞洲地區,1,0,0
112,公立,一般大學,0012,國立臺灣海洋大學,巴布亞紐幾內亞獨立國,其他亞洲地區,1,0,0
112,公立,一般大學,0012,國立臺灣海洋大學,大韓民國(南韓),其他亞洲地區,7,1,0
112,公立,一般大學,0012,國立臺灣海洋大學,伊朗伊斯蘭共和國,其他亞洲地區,1,0,0
112,公立,一般大學,0012,國立臺灣海洋大學,帛琉共和國,其他亞洲地區,0,0,1
112,公立,一般大學,0012,國立臺灣海洋大學,以色列,其他亞洲地區,0,0,1
112,公立,一般大學,0012,國立臺灣海洋大學,日本,其他亞洲地區,16,1,0
112,公立,一般大學,0012,國立臺灣海洋大學,俄羅斯聯邦,其他亞洲地區,2,0,0
112,公立,一般大學,0012,國立臺灣海洋大學,英國,歐洲,2,0,1
112,公立,一般大學,0012,國立臺灣海洋大學,法國,歐洲,2,1,1
112,公立,一般大學,0012,國立臺灣海洋大學,波蘭共和國,歐洲,1,0,1
112,公立,一般大學,0012,國立臺灣海洋大學,德意志聯邦共和國,歐洲,1,0,1
112,公立,一般大學,0012,國立臺灣海洋大學,布吉納法索,非洲,1,0,0
112,公立,一般大學,0012,國立臺灣海洋大學,索馬利蘭共和國,非洲,1,0,0
112,公立,一般大學,0012,國立臺灣海洋大學,奈及利亞聯邦共和國,非洲,1,0,0
112,公立,一般大學,0012,國立臺灣海洋大學,加拿大,北美洲,1,0,0
112,公立,一般大學,0012,國立臺灣海洋大學,美國,北美洲,7,1,8
112,公立,一般大學,0013,國立中正大學,越南社會主義共和國,東協,17,0,0
112,公立,一般大學,0013,國立中正大學,馬來西亞,東協,7,0,1
112,公立,一般大學,0013,國立中正大學,菲律賓共和國,東協,5,0,2
112,公立,一般大學,0013,國立中正大學,泰國,東協,17,1,0
112,公立,一般大學,0013,國立中正大學,柬埔寨王國,東協,2,0,0
112,公立,一般大學,0013,國立中正大學,印度尼西亞共和國,東協,16,0,0
112,公立,一般大學,0013,國立中正大學,孟加拉人民共和國,南亞,1,0,1
112,公立,一般大學,0013,國立中正大學,印度,南亞,18,1,2
112,公立,一般大學,0013,國立中正大學,澳門,港澳,1,0,0
112,公立,一般大學,0013,國立中正大學,香港,港澳,4,1,0
112,公立,一般大學,0013,國立中正大學,大陸地區,大陸地區,55,0,0
112,公立,一般大學,0013,國立中正大學,紐西蘭,其他亞洲地區,2,0,0
112,公立,一般大學,0013,國立中正大學,大韓民國(南韓),其他亞洲地區,17,0,0
112,公立,一般大學,0013,國立中正大學,阿拉伯聯合大公國,其他亞洲地區,1,0,0
112,公立,一般大學,0013,國立中正大學,澳大利亞,其他亞洲地區,3,1,0
112,公立,一般大學,0013,國立中正大學,日本,其他亞洲地區,13,2,0
112,公立,一般大學,0013,國立中正大學,土耳其共和國,其他亞洲地區,2,0,0
112,公立,一般大學,0013,國立中正大學,蒙古國,其他亞洲地區,2,0,0
112,公立,一般大學,0013,國立中正大學,俄羅斯聯邦,其他亞洲地區,4,0,1
112,公立,一般大學,0013,國立中正大學,法國,歐洲,14,2,2
112,公立,一般大學,0013,國立中正大學,羅馬尼亞,歐洲,1,0,0
112,公立,一般大學,0013,國立中正大學,賽普勒斯共和國,歐洲,1,0,0
112,公立,一般大學,0013,國立中正大學,捷克共和國,歐洲,6,0,0
112,公立,一般大學,0013,國立中正大學,丹麥王國,歐洲,1,0,0
112,公立,一般大學,0013,國立中正大學,波蘭共和國,歐洲,2,0,1
112,公立,一般大學,0013,國立中正大學,西班牙王國,歐洲,4,0,0
112,公立,一般大學,0013,國立中正大學,瑞士聯邦,歐洲,3,0,0
112,公立,一般大學,0013,國立中正大學,德意志聯邦共和國,歐洲,8,0,0
112,公立,一般大學,0013,國立中正大學,立陶宛共和國,歐洲,1,0,0
112,公立,一般大學,0013,國立中正大學,迦納共和國,非洲,2,0,0
112,公立,一般大學,0013,國立中正大學,馬拉威共和國,非洲,1,0,0
112,公立,一般大學,0013,國立中正大學,摩洛哥王國,非洲,1,0,0
112,公立,一般大學,0013,國立中正大學,坦尚尼亞聯合共和國,非洲,1,0,0
112,公立,一般大學,0013,國立中正大學,加拿大,北美洲,1,0,0
112,公立,一般大學,0013,國立中正大學,美國,北美洲,16,4,1
112,公立,一般大學,0013,國立中正大學,墨西哥合眾國,中南美洲,3,0,0
112,公立,一般大學,0013,國立中正大學,巴西聯邦共和國,中南美洲,1,0,0
112,公立,一般大學,0014,國立高雄師範大學,馬來西亞,東協,1,0,1
112,公立,一般大學,0014,國立高雄師範大學,菲律賓共和國,東協,1,0,1
112,公立,一般大學,0014,國立高雄師範大學,不丹王國,南亞,0,0,1
112,公立,一般大學,0014,國立高雄師範大學,大陸地區,大陸地區,1,0,1
112,公立,一般大學,0014,國立高雄師範大學,澳大利亞,其他亞洲地區,0,0,1
112,公立,一般大學,0014,國立高雄師範大學,大韓民國(南韓),其他亞洲地區,0,0,1
112,公立,一般大學,0014,國立高雄師範大學,日本,其他亞洲地區,5,0,3
112,公立,一般大學,0014,國立高雄師範大學,美國,北美洲,0,0,2
112,公立,一般大學,0015,國立彰化師範大學,菲律賓共和國,東協,4,0,0
112,公立,一般大學,0015,國立彰化師範大學,越南社會主義共和國,東協,12,0,0
112,公立,一般大學,0015,國立彰化師範大學,馬來西亞,東協,9,0,0
112,公立,一般大學,0015,國立彰化師範大學,新加坡共和國,東協,1,0,0
112,公立,一般大學,0015,國立彰化師範大學,泰國,東協,5,0,0
112,公立,一般大學,0015,國立彰化師範大學,印度尼西亞共和國,東協,16,0,0
112,公立,一般大學,0015,國立彰化師範大學,印度,南亞,8,0,0
112,公立,一般大學,0015,國立彰化師範大學,大陸地區,大陸地區,97,0,0
112,公立,一般大學,0015,國立彰化師範大學,澳大利亞,其他亞洲地區,3,0,0
112,公立,一般大學,0015,國立彰化師範大學,大韓民國(南韓),其他亞洲地區,8,0,0
112,公立,一般大學,0015,國立彰化師範大學,土耳其共和國,其他亞洲地區,1,0,0
112,公立,一般大學,0015,國立彰化師範大學,阿拉伯聯合大公國,其他亞洲地區,1,0,0
112,公立,一般大學,0015,國立彰化師範大學,烏克蘭,其他亞洲地區,1,0,0
112,公立,一般大學,0015,國立彰化師範大學,日本,其他亞洲地區,8,0,0
112,公立,一般大學,0015,國立彰化師範大學,蒙古國,其他亞洲地區,1,0,0
112,公立,一般大學,0015,國立彰化師範大學,俄羅斯聯邦,其他亞洲地區,2,0,0
112,公立,一般大學,0015,國立彰化師範大學,羅馬尼亞,歐洲,1,0,0
112,公立,一般大學,0015,國立彰化師範大學,英國,歐洲,5,1,0
112,公立,一般大學,0015,國立彰化師範大學,保加利亞共和國,歐洲,1,0,0
112,公立,一般大學,0015,國立彰化師範大學,捷克共和國,歐洲,3,0,0
112,公立,一般大學,0015,國立彰化師範大學,法國,歐洲,5,0,0
112,公立,一般大學,0015,國立彰化師範大學,西班牙王國,歐洲,3,0,0
112,公立,一般大學,0015,國立彰化師範大學,瑞士聯邦,歐洲,1,0,0
112,公立,一般大學,0015,國立彰化師範大學,德意志聯邦共和國,歐洲,9,0,0
112,公立,一般大學,0015,國立彰化師範大學,加拿大,北美洲,1,0,0
112,公立,一般大學,0015,國立彰化師範大學,美國,北美洲,35,4,0
112,公立,一般大學,0015,國立彰化師範大學,烏拉圭共和國,中南美洲,1,0,0
112,公立,一般大學,0017,國立臺北大學,馬來西亞,東協,1,0,0
112,公立,一般大學,0017,國立臺北大學,菲律賓共和國,東協,2,0,0
112,公立,一般大學,0017,國立臺北大學,泰國,東協,7,0,0
112,公立,一般大學,0017,國立臺北大學,印度尼西亞共和國,東協,4,0,1
112,公立,一般大學,0017,國立臺北大學,新加坡共和國,東協,2,1,1
112,公立,一般大學,0017,國立臺北大學,越南社會主義共和國,東協,6,0,1
112,公立,一般大學,0017,國立臺北大學,印度,南亞,1,0,0
112,公立,一般大學,0017,國立臺北大學,孟加拉人民共和國,南亞,2,0,0
112,公立,一般大學,0017,國立臺北大學,香港,港澳,7,0,0
112,公立,一般大學,0017,國立臺北大學,澳門,港澳,0,0,1
112,公立,一般大學,0017,國立臺北大學,大陸地區,大陸地區,32,0,1
112,公立,一般大學,0017,國立臺北大學,澳大利亞,其他亞洲地區,1,0,1
112,公立,一般大學,0017,國立臺北大學,日本,其他亞洲地區,25,0,5
112,公立,一般大學,0017,國立臺北大學,俄羅斯聯邦,其他亞洲地區,2,0,0
112,公立,一般大學,0017,國立臺北大學,以色列,其他亞洲地區,1,0,0
112,公立,一般大學,0017,國立臺北大學,大韓民國(南韓),其他亞洲地區,16,0,0
112,公立,一般大學,0017,國立臺北大學,土耳其共和國,其他亞洲地區,3,0,0
112,公立,一般大學,0017,國立臺北大學,蒙古國,其他亞洲地區,1,0,0
112,公立,一般大學,0017,國立臺北大學,哈薩克共和國,其他亞洲地區,1,0,0
112,公立,一般大學,0017,國立臺北大學,阿爾巴尼亞共和國,歐洲,1,0,0
112,公立,一般大學,0017,國立臺北大學,捷克共和國,歐洲,4,0,0
112,公立,一般大學,0017,國立臺北大學,法國,歐洲,20,4,1
112,公立,一般大學,0017,國立臺北大學,荷蘭王國,歐洲,2,0,0
112,公立,一般大學,0017,國立臺北大學,挪威王國,歐洲,1,0,0
112,公立,一般大學,0017,國立臺北大學,波蘭共和國,歐洲,8,0,0
112,公立,一般大學,0017,國立臺北大學,葡萄牙共和國,歐洲,0,0,1
112,公立,一般大學,0017,國立臺北大學,瑞典王國,歐洲,4,2,0
112,公立,一般大學,0017,國立臺北大學,瑞士聯邦,歐洲,3,0,0
112,公立,一般大學,0017,國立臺北大學,英國,歐洲,7,4,2
112,公立,一般大學,0017,國立臺北大學,奧地利共和國,歐洲,2,0,0
112,公立,一般大學,0017,國立臺北大學,比利時王國,歐洲,2,0,0
112,公立,一般大學,0017,國立臺北大學,義大利共和國,歐洲,1,0,0
112,公立,一般大學,0017,國立臺北大學,羅馬尼亞,歐洲,1,0,0
112,公立,一般大學,0017,國立臺北大學,西班牙王國,歐洲,3,0,0
112,公立,一般大學,0017,國立臺北大學,德意志聯邦共和國,歐洲,7,0,1
112,公立,一般大學,0017,國立臺北大學,立陶宛共和國,歐洲,1,0,0
112,公立,一般大學,0017,國立臺北大學,斯洛伐克共和國,歐洲,2,0,0
112,公立,一般大學,0017,國立臺北大學,摩洛哥王國,非洲,1,0,0
112,公立,一般大學,0017,國立臺北大學,加拿大,北美洲,6,0,0
112,公立,一般大學,0017,國立臺北大學,美國,北美洲,24,9,6
112,公立,一般大學,0018,國立嘉義大學,馬來西亞,東協,3,0,0
112,公立,一般大學,0018,國立嘉義大學,菲律賓共和國,東協,6,0,0
112,公立,一般大學,0018,國立嘉義大學,泰國,東協,7,1,0
112,公立,一般大學,0018,國立嘉義大學,越南社會主義共和國,東協,9,0,0
112,公立,一般大學,0018,國立嘉義大學,柬埔寨王國,東協,1,0,0
112,公立,一般大學,0018,國立嘉義大學,印度尼西亞共和國,東協,31,1,0
112,公立,一般大學,0018,國立嘉義大學,印度,南亞,1,0,0
112,公立,一般大學,0018,國立嘉義大學,大陸地區,大陸地區,12,0,0
112,公立,一般大學,0018,國立嘉義大學,蒙古國,其他亞洲地區,1,0,0
112,公立,一般大學,0018,國立嘉義大學,澳大利亞,其他亞洲地區,2,0,0
112,公立,一般大學,0018,國立嘉義大學,紐西蘭,其他亞洲地區,2,0,0
112,公立,一般大學,0018,國立嘉義大學,日本,其他亞洲地區,13,1,0
112,公立,一般大學,0018,國立嘉義大學,大韓民國(南韓),其他亞洲地區,2,0,0
112,公立,一般大學,0018,國立嘉義大學,土耳其共和國,其他亞洲地區,1,0,0
112,公立,一般大學,0018,國立嘉義大學,俄羅斯聯邦,其他亞洲地區,3,0,0
112,公立,一般大學,0018,國立嘉義大學,捷克共和國,歐洲,1,0,0
112,公立,一般大學,0018,國立嘉義大學,法國,歐洲,3,0,0
112,公立,一般大學,0018,國立嘉義大學,西班牙王國,歐洲,2,0,0
112,公立,一般大學,0018,國立嘉義大學,德意志聯邦共和國,歐洲,1,0,0
112,公立,一般大學,0018,國立嘉義大學,立陶宛共和國,歐洲,1,0,0
112,公立,一般大學,0018,國立嘉義大學,斯洛維尼亞共和國,歐洲,1,0,0
112,公立,一般大學,0018,國立嘉義大學,英國,歐洲,1,0,0
112,公立,一般大學,0018,國立嘉義大學,美國,北美洲,16,3,0
112,公立,一般大學,0018,國立嘉義大學,加拿大,北美洲,2,0,0
112,公立,一般大學,0018,國立嘉義大學,巴拉圭,中南美洲,1,0,0
112,公立,一般大學,0019,國立高雄大學,馬來西亞,東協,6,0,0
112,公立,一般大學,0019,國立高雄大學,菲律賓共和國,東協,12,0,0
112,公立,一般大學,0019,國立高雄大學,泰國,東協,11,0,0
112,公立,一般大學,0019,國立高雄大學,越南社會主義共和國,東協,29,0,0
112,公立,一般大學,0019,國立高雄大學,印度尼西亞共和國,東協,101,1,0
112,公立,一般大學,0019,國立高雄大學,孟加拉人民共和國,南亞,1,0,0
112,公立,一般大學,0019,國立高雄大學,印度,南亞,8,0,0
112,公立,一般大學,0019,國立高雄大學,香港,港澳,1,0,0
112,公立,一般大學,0019,國立高雄大學,澳門,港澳,1,0,0
112,公立,一般大學,0019,國立高雄大學,大陸地區,大陸地區,58,1,0
112,公立,一般大學,0019,國立高雄大學,澳大利亞,其他亞洲地區,3,0,0
112,公立,一般大學,0019,國立高雄大學,日本,其他亞洲地區,46,0,0
112,公立,一般大學,0019,國立高雄大學,大韓民國(南韓),其他亞洲地區,45,0,0
112,公立,一般大學,0019,國立高雄大學,土耳其共和國,其他亞洲地區,4,0,0
112,公立,一般大學,0019,國立高雄大學,蒙古國,其他亞洲地區,3,1,0
112,公立,一般大學,0019,國立高雄大學,俄羅斯聯邦,其他亞洲地區,2,0,0
112,公立,一般大學,0019,國立高雄大學,奧地利共和國,歐洲,1,0,0
112,公立,一般大學,0019,國立高雄大學,捷克共和國,歐洲,1,0,0
112,公立,一般大學,0019,國立高雄大學,波蘭共和國,歐洲,1,0,0
112,公立,一般大學,0019,國立高雄大學,西班牙王國,歐洲,1,0,0
112,公立,一般大學,0019,國立高雄大學,瑞士聯邦,歐洲,1,0,0
112,公立,一般大學,0019,國立高雄大學,英國,歐洲,2,0,0
112,公立,一般大學,0019,國立高雄大學,德意志聯邦共和國,歐洲,6,0,0
112,公立,一般大學,0019,國立高雄大學,斯洛伐克共和國,歐洲,1,0,0
112,公立,一般大學,0019,國立高雄大學,芬蘭共和國,歐洲,1,0,0
112,公立,一般大學,0019,國立高雄大學,法國,歐洲,1,0,0
112,公立,一般大學,0019,國立高雄大學,匈牙利共和國,歐洲,1,0,0
112,公立,一般大學,0019,國立高雄大學,義大利共和國,歐洲,1,0,0
112,公立,一般大學,0019,國立高雄大學,拉脫維亞共和國,歐洲,1,0,0
112,公立,一般大學,0019,國立高雄大學,立陶宛共和國,歐洲,1,0,0
112,公立,一般大學,0019,國立高雄大學,加拿大,北美洲,1,0,0
112,公立,一般大學,0019,國立高雄大學,美國,北美洲,10,2,0
112,公立,一般大學,0019,國立高雄大學,巴哈馬,中南美洲,1,0,0
112,公立,一般大學,0019,國立高雄大學,哥倫比亞共和國,中南美洲,2,0,0
112,公立,一般大學,0019,國立高雄大學,智利,中南美洲,2,0,0
112,公立,一般大學,0020,國立東華大學,新加坡共和國,東協,2,0,0
112,公立,一般大學,0020,國立東華大學,馬來西亞,東協,9,0,0
112,公立,一般大學,0020,國立東華大學,菲律賓共和國,東協,1,0,0
112,公立,一般大學,0020,國立東華大學,泰國,東協,7,0,0
112,公立,一般大學,0020,國立東華大學,越南社會主義共和國,東協,23,0,0
112,公立,一般大學,0020,國立東華大學,印度尼西亞共和國,東協,141,2,0
112,公立,一般大學,0020,國立東華大學,尼泊爾聯邦民主共和國,南亞,1,0,0
112,公立,一般大學,0020,國立東華大學,不丹王國,南亞,2,0,0
112,公立,一般大學,0020,國立東華大學,印度,南亞,28,0,0
112,公立,一般大學,0020,國立東華大學,香港,港澳,2,0,0
112,公立,一般大學,0020,國立東華大學,大陸地區,大陸地區,81,0,0
112,公立,一般大學,0020,國立東華大學,紐西蘭,其他亞洲地區,4,1,0
112,公立,一般大學,0020,國立東華大學,阿拉伯聯合大公國,其他亞洲地區,1,0,0
112,公立,一般大學,0020,國立東華大學,澳大利亞,其他亞洲地區,3,2,0
112,公立,一般大學,0020,國立東華大學,日本,其他亞洲地區,27,2,0
112,公立,一般大學,0020,國立東華大學,大韓民國(南韓),其他亞洲地區,21,1,0
112,公立,一般大學,0020,國立東華大學,土耳其共和國,其他亞洲地區,1,1,0
112,公立,一般大學,0020,國立東華大學,蒙古國,其他亞洲地區,1,0,0
112,公立,一般大學,0020,國立東華大學,俄羅斯聯邦,其他亞洲地區,1,0,0
112,公立,一般大學,0020,國立東華大學,比利時王國,歐洲,1,0,0
112,公立,一般大學,0020,國立東華大學,法國,歐洲,4,1,0
112,公立,一般大學,0020,國立東華大學,希臘共和國,歐洲,1,0,0
112,公立,一般大學,0020,國立東華大學,匈牙利共和國,歐洲,2,0,0
112,公立,一般大學,0020,國立東華大學,義大利共和國,歐洲,1,0,0
112,公立,一般大學,0020,國立東華大學,荷蘭王國,歐洲,3,0,0
112,公立,一般大學,0020,國立東華大學,羅馬尼亞,歐洲,1,0,0
112,公立,一般大學,0020,國立東華大學,愛沙尼亞共和國,歐洲,1,0,0
112,公立,一般大學,0020,國立東華大學,立陶宛共和國,歐洲,4,0,0
112,公立,一般大學,0020,國立東華大學,北馬其頓共和國,歐洲,1,0,0
112,公立,一般大學,0020,國立東華大學,奧地利共和國,歐洲,1,0,0
112,公立,一般大學,0020,國立東華大學,捷克共和國,歐洲,3,0,0
112,公立,一般大學,0020,國立東華大學,波蘭共和國,歐洲,6,0,0
112,公立,一般大學,0020,國立東華大學,西班牙王國,歐洲,6,0,0
112,公立,一般大學,0020,國立東華大學,瑞典王國,歐洲,1,0,0
112,公立,一般大學,0020,國立東華大學,瑞士聯邦,歐洲,1,0,0
112,公立,一般大學,0020,國立東華大學,英國,歐洲,7,1,0
112,公立,一般大學,0020,國立東華大學,德意志聯邦共和國,歐洲,12,1,0
112,公立,一般大學,0020,國立東華大學,克羅埃西亞共和國,歐洲,1,0,0
112,公立,一般大學,0020,國立東華大學,衣索比亞聯邦民主共和國,非洲,1,0,0
112,公立,一般大學,0020,國立東華大學,加拿大,北美洲,4,0,0
112,公立,一般大學,0020,國立東華大學,美國,北美洲,27,2,0
112,公立,一般大學,0020,國立東華大學,墨西哥合眾國,中南美洲,1,0,0
112,公立,一般大學,0021,國立暨南國際大學,越南社會主義共和國,東協,17,1,0
112,公立,一般大學,0021,國立暨南國際大學,馬來西亞,東協,7,2,0
112,公立,一般大學,0021,國立暨南國際大學,菲律賓共和國,東協,2,0,0
112,公立,一般大學,0021,國立暨南國際大學,新加坡共和國,東協,3,0,0
112,公立,一般大學,0021,國立暨南國際大學,泰國,東協,12,1,0
112,公立,一般大學,0021,國立暨南國際大學,柬埔寨王國,東協,1,0,0
112,公立,一般大學,0021,國立暨南國際大學,印度尼西亞共和國,東協,9,0,0
112,公立,一般大學,0021,國立暨南國際大學,尼泊爾聯邦民主共和國,南亞,1,0,0
112,公立,一般大學,0021,國立暨南國際大學,印度,南亞,16,0,0
112,公立,一般大學,0021,國立暨南國際大學,不丹王國,南亞,1,0,0
112,公立,一般大學,0021,國立暨南國際大學,澳門,港澳,1,0,0
112,公立,一般大學,0021,國立暨南國際大學,香港,港澳,3,0,0
112,公立,一般大學,0021,國立暨南國際大學,大陸地區,大陸地區,19,0,0
112,公立,一般大學,0021,國立暨南國際大學,紐西蘭,其他亞洲地區,1,0,0
112,公立,一般大學,0021,國立暨南國際大學,以色列,其他亞洲地區,1,0,0
112,公立,一般大學,0021,國立暨南國際大學,大韓民國(南韓),其他亞洲地區,12,0,0
112,公立,一般大學,0021,國立暨南國際大學,土耳其共和國,其他亞洲地區,1,0,0
112,公立,一般大學,0021,國立暨南國際大學,日本,其他亞洲地區,23,0,0
112,公立,一般大學,0021,國立暨南國際大學,蒙古國,其他亞洲地區,1,1,0
112,公立,一般大學,0021,國立暨南國際大學,比利時王國,歐洲,1,0,0
112,公立,一般大學,0021,國立暨南國際大學,法國,歐洲,7,0,0
112,公立,一般大學,0021,國立暨南國際大學,義大利共和國,歐洲,1,0,0
112,公立,一般大學,0021,國立暨南國際大學,英國,歐洲,4,1,0
112,公立,一般大學,0021,國立暨南國際大學,斯洛維尼亞共和國,歐洲,1,0,0
112,公立,一般大學,0021,國立暨南國際大學,奧地利共和國,歐洲,1,0,0
112,公立,一般大學,0021,國立暨南國際大學,捷克共和國,歐洲,2,0,0
112,公立,一般大學,0021,國立暨南國際大學,荷蘭王國,歐洲,1,0,0
112,公立,一般大學,0021,國立暨南國際大學,挪威王國,歐洲,1,0,0
112,公立,一般大學,0021,國立暨南國際大學,西班牙王國,歐洲,6,1,0
112,公立,一般大學,0021,國立暨南國際大學,德意志聯邦共和國,歐洲,5,0,0
112,公立,一般大學,0021,國立暨南國際大學,加拿大,北美洲,3,0,0
112,公立,一般大學,0021,國立暨南國際大學,美國,北美洲,7,0,0
112,公立,一般大學,0021,國立暨南國際大學,墨西哥合眾國,中南美洲,1,0,0
112,公立,技專校院,0022,國立臺灣科技大學,菲律賓共和國,東協,1,0,1
112,公立,技專校院,0022,國立臺灣科技大學,泰國,東協,3,0,0
112,公立,技專校院,0022,國立臺灣科技大學,越南社會主義共和國,東協,8,0,1
112,公立,技專校院,0022,國立臺灣科技大學,印度尼西亞共和國,東協,20,9,1
112,公立,技專校院,0022,國立臺灣科技大學,新加坡共和國,東協,2,0,0
112,公立,技專校院,0022,國立臺灣科技大學,印度,南亞,4,0,2
112,公立,技專校院,0022,國立臺灣科技大學,香港,港澳,2,0,0
112,公立,技專校院,0022,國立臺灣科技大學,大陸地區,大陸地區,13,0,0
112,公立,技專校院,0022,國立臺灣科技大學,澳大利亞,其他亞洲地區,3,2,0
112,公立,技專校院,0022,國立臺灣科技大學,大韓民國(南韓),其他亞洲地區,13,0,0
112,公立,技專校院,0022,國立臺灣科技大學,土耳其共和國,其他亞洲地區,1,0,0
112,公立,技專校院,0022,國立臺灣科技大學,俄羅斯聯邦,其他亞洲地區,3,0,0
112,公立,技專校院,0022,國立臺灣科技大學,日本,其他亞洲地區,13,2,1
112,公立,技專校院,0022,國立臺灣科技大學,奧地利共和國,歐洲,6,0,0
112,公立,技專校院,0022,國立臺灣科技大學,捷克共和國,歐洲,6,1,2
112,公立,技專校院,0022,國立臺灣科技大學,挪威王國,歐洲,1,0,0
112,公立,技專校院,0022,國立臺灣科技大學,波蘭共和國,歐洲,4,0,2
112,公立,技專校院,0022,國立臺灣科技大學,西班牙王國,歐洲,4,0,0
112,公立,技專校院,0022,國立臺灣科技大學,瑞典王國,歐洲,2,0,2
112,公立,技專校院,0022,國立臺灣科技大學,瑞士聯邦,歐洲,2,0,0
112,公立,技專校院,0022,國立臺灣科技大學,英國,歐洲,1,0,0
112,公立,技專校院,0022,國立臺灣科技大學,德意志聯邦共和國,歐洲,30,3,2
112,公立,技專校院,0022,國立臺灣科技大學,比利時王國,歐洲,2,0,0
112,公立,技專校院,0022,國立臺灣科技大學,芬蘭共和國,歐洲,4,0,1
112,公立,技專校院,0022,國立臺灣科技大學,法國,歐洲,21,1,0
112,公立,技專校院,0022,國立臺灣科技大學,義大利共和國,歐洲,2,0,0
112,公立,技專校院,0022,國立臺灣科技大學,荷蘭王國,歐洲,4,1,0
112,公立,技專校院,0022,國立臺灣科技大學,愛沙尼亞共和國,歐洲,1,0,0
112,公立,技專校院,0022,國立臺灣科技大學,立陶宛共和國,歐洲,1,0,0
112,公立,技專校院,0022,國立臺灣科技大學,歐盟,歐洲,0,0,3
112,公立,技專校院,0022,國立臺灣科技大學,衣索比亞聯邦民主共和國,非洲,1,0,0
112,公立,技專校院,0022,國立臺灣科技大學,加拿大,北美洲,1,0,0
112,公立,技專校院,0022,國立臺灣科技大學,美國,北美洲,6,2,1
112,公立,技專校院,0022,國立臺灣科技大學,墨西哥合眾國,中南美洲,1,0,0
112,公立,技專校院,0022,國立臺灣科技大學,巴拉圭,中南美洲,1,0,0
112,公立,技專校院,0023,國立雲林科技大學,馬來西亞,東協,0,3,0
112,公立,技專校院,0023,國立雲林科技大學,越南社會主義共和國,東協,0,3,0
112,公立,技專校院,0023,國立雲林科技大學,印度尼西亞共和國,東協,1,1,1
112,公立,技專校院,0023,國立雲林科技大學,日本,其他亞洲地區,2,1,1
112,公立,技專校院,0023,國立雲林科技大學,美國,北美洲,0,1,0
112,公立,技專校院,0024,國立屏東科技大學,泰國,東協,4,1,2
112,公立,技專校院,0024,國立屏東科技大學,印度尼西亞共和國,東協,3,2,1
112,公立,技專校院,0024,國立屏東科技大學,日本,其他亞洲地區,1,0,1
112,公立,技專校院,0024,國立屏東科技大學,美國,北美洲,1,0,1
112,公立,技專校院,0025,國立臺北科技大學,馬來西亞,東協,0,0,0
112,公立,技專校院,0025,國立臺北科技大學,泰國,東協,3,1,14
112,公立,技專校院,0025,國立臺北科技大學,越南社會主義共和國,東協,1,0,0
112,公立,技專校院,0025,國立臺北科技大學,印度尼西亞共和國,東協,0,0,0
112,公立,技專校院,0025,國立臺北科技大學,印度,南亞,0,0,0
112,公立,技專校院,0025,國立臺北科技大學,大陸地區,大陸地區,4,0,8
112,公立,技專校院,0025,國立臺北科技大學,日本,其他亞洲地區,2,1,0
112,公立,技專校院,0025,國立臺北科技大學,大韓民國(南韓),其他亞洲地區,0,0,0
112,公立,技專校院,0025,國立臺北科技大學,土耳其共和國,其他亞洲地區,0,0,0
112,公立,技專校院,0025,國立臺北科技大學,澳大利亞,其他亞洲地區,1,0,0
112,公立,技專校院,0025,國立臺北科技大學,捷克共和國,歐洲,1,0,0
112,公立,技專校院,0025,國立臺北科技大學,丹麥王國,歐洲,0,0,0
112,公立,技專校院,0025,國立臺北科技大學,荷蘭王國,歐洲,0,0,0
112,公立,技專校院,0025,國立臺北科技大學,波蘭共和國,歐洲,1,0,0
112,公立,技專校院,0025,國立臺北科技大學,瑞典王國,歐洲,0,0,0
112,公立,技專校院,0025,國立臺北科技大學,瑞士聯邦,歐洲,0,0,0
112,公立,技專校院,0025,國立臺北科技大學,拉脫維亞共和國,歐洲,0,0,0
112,公立,技專校院,0025,國立臺北科技大學,立陶宛共和國,歐洲,1,0,0
112,公立,技專校院,0025,國立臺北科技大學,斯洛伐克共和國,歐洲,0,0,0
112,公立,技專校院,0025,國立臺北科技大學,歐盟,歐洲,0,0,0
112,公立,技專校院,0025,國立臺北科技大學,奧地利共和國,歐洲,0,0,0
112,公立,技專校院,0025,國立臺北科技大學,芬蘭共和國,歐洲,0,0,0
112,公立,技專校院,0025,國立臺北科技大學,法國,歐洲,0,0,0
112,公立,技專校院,0025,國立臺北科技大學,義大利共和國,歐洲,0,0,0
112,公立,技專校院,0025,國立臺北科技大學,西班牙王國,歐洲,0,0,0
112,公立,技專校院,0025,國立臺北科技大學,英國,歐洲,0,0,0
112,公立,技專校院,0025,國立臺北科技大學,德意志聯邦共和國,歐洲,0,0,0
112,公立,技專校院,0025,國立臺北科技大學,加拿大,北美洲,0,0,0
112,公立,技專校院,0025,國立臺北科技大學,美國,北美洲,3,4,0
112,公立,一般大學,0028,國立臺北藝術大學,瑞士聯邦,歐洲,78,0,1
112,公立,一般大學,0029,國立臺灣藝術大學,馬來西亞,東協,1,0,0
112,公立,一般大學,0029,國立臺灣藝術大學,菲律賓共和國,東協,1,0,0
112,公立,一般大學,0029,國立臺灣藝術大學,泰國,東協,5,0,0
112,公立,一般大學,0029,國立臺灣藝術大學,汶萊和平之國,東協,1,0,0
112,公立,一般大學,0029,國立臺灣藝術大學,新加坡共和國,東協,3,0,0
112,公立,一般大學,0029,國立臺灣藝術大學,印度尼西亞共和國,東協,3,0,0
112,公立,一般大學,0029,國立臺灣藝術大學,澳門,港澳,1,0,0
112,公立,一般大學,0029,國立臺灣藝術大學,香港,港澳,4,0,0
112,公立,一般大學,0029,國立臺灣藝術大學,大陸地區,大陸地區,67,0,0
112,公立,一般大學,0029,國立臺灣藝術大學,澳大利亞,其他亞洲地區,4,0,0
112,公立,一般大學,0029,國立臺灣藝術大學,紐西蘭,其他亞洲地區,1,0,0
112,公立,一般大學,0029,國立臺灣藝術大學,以色列,其他亞洲地區,1,0,0
112,公立,一般大學,0029,國立臺灣藝術大學,日本,其他亞洲地區,15,0,0
112,公立,一般大學,0029,國立臺灣藝術大學,大韓民國(南韓),其他亞洲地區,17,0,0
112,公立,一般大學,0029,國立臺灣藝術大學,蒙古國,其他亞洲地區,1,0,0
112,公立,一般大學,0029,國立臺灣藝術大學,比利時王國,歐洲,1,0,0
112,公立,一般大學,0029,國立臺灣藝術大學,義大利共和國,歐洲,2,0,0
112,公立,一般大學,0029,國立臺灣藝術大學,挪威王國,歐洲,2,0,0
112,公立,一般大學,0029,國立臺灣藝術大學,西班牙王國,歐洲,3,0,0
112,公立,一般大學,0029,國立臺灣藝術大學,瑞典王國,歐洲,1,0,0
112,公立,一般大學,0029,國立臺灣藝術大學,英國,歐洲,9,0,0
112,公立,一般大學,0029,國立臺灣藝術大學,奧地利共和國,歐洲,2,0,0
112,公立,一般大學,0029,國立臺灣藝術大學,捷克共和國,歐洲,3,0,0
112,公立,一般大學,0029,國立臺灣藝術大學,法國,歐洲,16,0,0
112,公立,一般大學,0029,國立臺灣藝術大學,匈牙利共和國,歐洲,2,0,0
112,公立,一般大學,0029,國立臺灣藝術大學,波蘭共和國,歐洲,4,0,0
112,公立,一般大學,0029,國立臺灣藝術大學,瑞士聯邦,歐洲,1,0,0
112,公立,一般大學,0029,國立臺灣藝術大學,德意志聯邦共和國,歐洲,4,0,0
112,公立,一般大學,0029,國立臺灣藝術大學,拉脫維亞共和國,歐洲,1,0,0
112,公立,一般大學,0029,國立臺灣藝術大學,立陶宛共和國,歐洲,1,0,0
112,公立,一般大學,0029,國立臺灣藝術大學,斯洛維尼亞共和國,歐洲,1,0,0
112,公立,一般大學,0029,國立臺灣藝術大學,加拿大,北美洲,2,1,0
112,公立,一般大學,0029,國立臺灣藝術大學,美國,北美洲,19,0,0
112,公立,一般大學,0029,國立臺灣藝術大學,巴拿馬共和國,中南美洲,1,0,0
112,公立,一般大學,0029,國立臺灣藝術大學,智利,中南美洲,1,0,0
112,公立,一般大學,0030,國立臺東大學,馬來西亞,東協,1,0,0
112,公立,一般大學,0030,國立臺東大學,菲律賓共和國,東協,4,0,0
112,公立,一般大學,0030,國立臺東大學,泰國,東協,2,0,0
112,公立,一般大學,0030,國立臺東大學,越南社會主義共和國,東協,3,0,0
112,公立,一般大學,0030,國立臺東大學,印度尼西亞共和國,東協,1,0,0
112,公立,一般大學,0030,國立臺東大學,印度,南亞,1,0,0
112,公立,一般大學,0030,國立臺東大學,大陸地區,大陸地區,22,0,0
112,公立,一般大學,0030,國立臺東大學,日本,其他亞洲地區,4,2,0
112,公立,一般大學,0030,國立臺東大學,俄羅斯聯邦,其他亞洲地區,1,0,0
112,公立,一般大學,0030,國立臺東大學,大韓民國(南韓),其他亞洲地區,5,1,0
112,公立,一般大學,0030,國立臺東大學,捷克共和國,歐洲,1,0,0
112,公立,一般大學,0030,國立臺東大學,英國,歐洲,2,0,0
112,公立,一般大學,0030,國立臺東大學,美國,北美洲,6,0,0
112,公立,一般大學,0031,國立宜蘭大學,印度尼西亞共和國,東協,2,1,0
112,公立,一般大學,0031,國立宜蘭大學,馬來西亞,東協,2,0,0
112,公立,一般大學,0031,國立宜蘭大學,菲律賓共和國,東協,3,0,0
112,公立,一般大學,0031,國立宜蘭大學,泰國,東協,8,0,0
112,公立,一般大學,0031,國立宜蘭大學,越南社會主義共和國,東協,4,0,0
112,公立,一般大學,0031,國立宜蘭大學,印度,南亞,4,0,0
112,公立,一般大學,0031,國立宜蘭大學,大陸地區,大陸地區,9,1,0
112,公立,一般大學,0031,國立宜蘭大學,紐西蘭,其他亞洲地區,1,0,0
112,公立,一般大學,0031,國立宜蘭大學,俄羅斯聯邦,其他亞洲地區,1,0,0
112,公立,一般大學,0031,國立宜蘭大學,日本,其他亞洲地區,9,0,0
112,公立,一般大學,0031,國立宜蘭大學,大韓民國(南韓),其他亞洲地區,4,0,0
112,公立,一般大學,0031,國立宜蘭大學,捷克共和國,歐洲,2,0,0
112,公立,一般大學,0031,國立宜蘭大學,法國,歐洲,1,0,0
112,公立,一般大學,0031,國立宜蘭大學,波蘭共和國,歐洲,6,0,0
112,公立,一般大學,0031,國立宜蘭大學,瑞士聯邦,歐洲,5,1,0
112,公立,一般大學,0031,國立宜蘭大學,英國,歐洲,1,0,0
112,公立,一般大學,0031,國立宜蘭大學,加拿大,北美洲,1,0,0
112,公立,一般大學,0031,國立宜蘭大學,美國,北美洲,4,1,0
112,公立,一般大學,0032,國立聯合大學,馬來西亞,東協,1,0,0
112,公立,一般大學,0032,國立聯合大學,泰國,東協,6,0,0
112,公立,一般大學,0032,國立聯合大學,柬埔寨王國,東協,1,0,0
112,公立,一般大學,0032,國立聯合大學,印度尼西亞共和國,東協,13,2,0
112,公立,一般大學,0032,國立聯合大學,越南社會主義共和國,東協,8,0,0
112,公立,一般大學,0032,國立聯合大學,印度,南亞,4,0,0
112,公立,一般大學,0032,國立聯合大學,香港,港澳,1,0,0
112,公立,一般大學,0032,國立聯合大學,大陸地區,大陸地區,19,0,0
112,公立,一般大學,0032,國立聯合大學,紐西蘭,其他亞洲地區,1,0,0
112,公立,一般大學,0032,國立聯合大學,日本,其他亞洲地區,59,0,0
112,公立,一般大學,0032,國立聯合大學,大韓民國(南韓),其他亞洲地區,15,0,0
112,公立,一般大學,0032,國立聯合大學,土耳其共和國,其他亞洲地區,17,0,0
112,公立,一般大學,0032,國立聯合大學,蒙古國,其他亞洲地區,4,1,0
112,公立,一般大學,0032,國立聯合大學,義大利共和國,歐洲,1,0,0
112,公立,一般大學,0032,國立聯合大學,英國,歐洲,1,0,0
112,公立,一般大學,0032,國立聯合大學,德意志聯邦共和國,歐洲,3,0,0
112,公立,一般大學,0032,國立聯合大學,馬拉威共和國,非洲,1,0,0
112,公立,一般大學,0032,國立聯合大學,奈及利亞聯邦共和國,非洲,2,0,0
112,公立,一般大學,0032,國立聯合大學,加拿大,北美洲,2,0,0
112,公立,一般大學,0032,國立聯合大學,美國,北美洲,9,2,0
112,公立,一般大學,0032,國立聯合大學,哥倫比亞共和國,中南美洲,1,0,0
112,公立,技專校院,0033,國立虎尾科技大學,泰國,東協,1,0,2
112,公立,一般大學,0036,國立臺南大學,菲律賓共和國,東協,1,0,0
112,公立,一般大學,0036,國立臺南大學,泰國,東協,4,0,0
112,公立,一般大學,0036,國立臺南大學,馬來西亞,東協,2,0,0
112,公立,一般大學,0036,國立臺南大學,越南社會主義共和國,東協,9,0,0
112,公立,一般大學,0036,國立臺南大學,印度尼西亞共和國,東協,3,0,0
112,公立,一般大學,0036,國立臺南大學,印度,南亞,3,0,0
112,公立,一般大學,0036,國立臺南大學,香港,港澳,1,0,0
112,公立,一般大學,0036,國立臺南大學,大陸地區,大陸地區,16,0,0
112,公立,一般大學,0036,國立臺南大學,日本,其他亞洲地區,8,0,0
112,公立,一般大學,0036,國立臺南大學,大韓民國(南韓),其他亞洲地區,8,0,0
112,公立,一般大學,0036,國立臺南大學,土耳其共和國,其他亞洲地區,1,0,0
112,公立,一般大學,0036,國立臺南大學,蒙古國,其他亞洲地區,1,0,0
112,公立,一般大學,0036,國立臺南大學,保加利亞共和國,歐洲,1,0,0
112,公立,一般大學,0036,國立臺南大學,法國,歐洲,2,0,0
112,公立,一般大學,0036,國立臺南大學,義大利共和國,歐洲,2,0,0
112,公立,一般大學,0036,國立臺南大學,瑞典王國,歐洲,1,0,0
112,公立,一般大學,0036,國立臺南大學,拉脫維亞共和國,歐洲,2,0,0
112,公立,一般大學,0036,國立臺南大學,荷蘭王國,歐洲,1,0,0
112,公立,一般大學,0036,國立臺南大學,西班牙王國,歐洲,2,0,0
112,公立,一般大學,0036,國立臺南大學,斯洛維尼亞共和國,歐洲,1,0,0
112,公立,一般大學,0036,國立臺南大學,美國,北美洲,14,0,0
112,公立,一般大學,0036,國立臺南大學,哥倫比亞共和國,中南美洲,1,0,0
112,公立,一般大學,0037,國立臺北教育大學,馬來西亞,東協,1,0,0
112,公立,一般大學,0037,國立臺北教育大學,菲律賓共和國,東協,2,0,0
112,公立,一般大學,0037,國立臺北教育大學,新加坡共和國,東協,1,0,0
112,公立,一般大學,0037,國立臺北教育大學,泰國,東協,2,0,0
112,公立,一般大學,0037,國立臺北教育大學,越南社會主義共和國,東協,5,0,0
112,公立,一般大學,0037,國立臺北教育大學,印度尼西亞共和國,東協,4,0,0
112,公立,一般大學,0037,國立臺北教育大學,印度,南亞,3,0,0
112,公立,一般大學,0037,國立臺北教育大學,香港,港澳,1,0,0
112,公立,一般大學,0037,國立臺北教育大學,大陸地區,大陸地區,25,0,0
112,公立,一般大學,0037,國立臺北教育大學,日本,其他亞洲地區,20,1,0
112,公立,一般大學,0037,國立臺北教育大學,烏克蘭,其他亞洲地區,1,0,0
112,公立,一般大學,0037,國立臺北教育大學,以色列,其他亞洲地區,1,0,0
112,公立,一般大學,0037,國立臺北教育大學,大韓民國(南韓),其他亞洲地區,15,0,0
112,公立,一般大學,0037,國立臺北教育大學,土耳其共和國,其他亞洲地區,1,0,0
112,公立,一般大學,0037,國立臺北教育大學,比利時王國,歐洲,1,0,0
112,公立,一般大學,0037,國立臺北教育大學,法國,歐洲,3,1,0
112,公立,一般大學,0037,國立臺北教育大學,義大利共和國,歐洲,1,0,0
112,公立,一般大學,0037,國立臺北教育大學,立陶宛共和國,歐洲,1,0,0
112,公立,一般大學,0037,國立臺北教育大學,奧地利共和國,歐洲,5,0,0
112,公立,一般大學,0037,國立臺北教育大學,捷克共和國,歐洲,3,0,0
112,公立,一般大學,0037,國立臺北教育大學,挪威王國,歐洲,1,0,0
112,公立,一般大學,0037,國立臺北教育大學,西班牙王國,歐洲,3,0,0
112,公立,一般大學,0037,國立臺北教育大學,瑞士聯邦,歐洲,4,0,0
112,公立,一般大學,0037,國立臺北教育大學,英國,歐洲,2,0,0
112,公立,一般大學,0037,國立臺北教育大學,德意志聯邦共和國,歐洲,6,0,0
112,公立,一般大學,0037,國立臺北教育大學,加拿大,北美洲,1,0,0
112,公立,一般大學,0037,國立臺北教育大學,美國,北美洲,16,0,0
112,公立,一般大學,0039,國立臺中教育大學,菲律賓共和國,東協,4,0,0
112,公立,一般大學,0039,國立臺中教育大學,泰國,東協,38,0,0
112,公立,一般大學,0039,國立臺中教育大學,馬來西亞,東協,2,0,0
112,公立,一般大學,0039,國立臺中教育大學,越南社會主義共和國,東協,22,0,0
112,公立,一般大學,0039,國立臺中教育大學,柬埔寨王國,東協,2,0,0
112,公立,一般大學,0039,國立臺中教育大學,印度尼西亞共和國,東協,33,0,0
112,公立,一般大學,0039,國立臺中教育大學,巴基斯坦,南亞,1,0,0
112,公立,一般大學,0039,國立臺中教育大學,印度,南亞,7,0,0
112,公立,一般大學,0039,國立臺中教育大學,孟加拉人民共和國,南亞,1,0,0
112,公立,一般大學,0039,國立臺中教育大學,大陸地區,大陸地區,57,0,0
112,公立,一般大學,0039,國立臺中教育大學,伊朗伊斯蘭共和國,其他亞洲地區,1,0,0
112,公立,一般大學,0039,國立臺中教育大學,紐西蘭,其他亞洲地區,1,0,0
112,公立,一般大學,0039,國立臺中教育大學,日本,其他亞洲地區,15,1,0
112,公立,一般大學,0039,國立臺中教育大學,澳大利亞,其他亞洲地區,1,0,0
112,公立,一般大學,0039,國立臺中教育大學,大韓民國(南韓),其他亞洲地區,15,0,0
112,公立,一般大學,0039,國立臺中教育大學,土耳其共和國,其他亞洲地區,6,0,0
112,公立,一般大學,0039,國立臺中教育大學,蒙古國,其他亞洲地區,3,0,0
112,公立,一般大學,0039,國立臺中教育大學,俄羅斯聯邦,其他亞洲地區,5,0,0
112,公立,一般大學,0039,國立臺中教育大學,捷克共和國,歐洲,2,0,0
112,公立,一般大學,0039,國立臺中教育大學,芬蘭共和國,歐洲,1,0,0
112,公立,一般大學,0039,國立臺中教育大學,法國,歐洲,2,0,0
112,公立,一般大學,0039,國立臺中教育大學,羅馬尼亞,歐洲,3,0,0
112,公立,一般大學,0039,國立臺中教育大學,拉脫維亞共和國,歐洲,1,0,0
112,公立,一般大學,0039,國立臺中教育大學,立陶宛共和國,歐洲,1,0,0
112,公立,一般大學,0039,國立臺中教育大學,奧地利共和國,歐洲,4,0,0
112,公立,一般大學,0039,國立臺中教育大學,西班牙王國,歐洲,5,0,0
112,公立,一般大學,0039,國立臺中教育大學,英國,歐洲,2,0,0
112,公立,一般大學,0039,國立臺中教育大學,美國,北美洲,22,1,1
112,公立,一般大學,0039,國立臺中教育大學,加拿大,北美洲,3,1,0
112,公立,一般大學,0039,國立臺中教育大學,巴西聯邦共和國,中南美洲,2,0,0
112,公立,技專校院,0042,國立澎湖科技大學,馬來西亞,東協,1,0,0
112,公立,技專校院,0042,國立澎湖科技大學,泰國,東協,1,0,0
112,公立,技專校院,0042,國立澎湖科技大學,越南社會主義共和國,東協,3,1,0
112,公立,技專校院,0042,國立澎湖科技大學,大陸地區,大陸地區,2,0,0
112,公立,技專校院,0042,國立澎湖科技大學,日本,其他亞洲地區,1,0,0
112,公立,技專校院,0042,國立澎湖科技大學,英國,歐洲,1,0,0
112,公立,技專校院,0042,國立澎湖科技大學,匈牙利共和國,歐洲,1,0,0
112,公立,技專校院,0042,國立澎湖科技大學,南非共和國,非洲,1,0,0
112,公立,一般大學,0044,國立體育大學,越南社會主義共和國,東協,1,0,0
112,公立,一般大學,0044,國立體育大學,馬來西亞,東協,1,0,0
112,公立,一般大學,0044,國立體育大學,泰國,東協,2,0,0
112,公立,一般大學,0044,國立體育大學,香港,港澳,1,0,0
112,公立,一般大學,0044,國立體育大學,大陸地區,大陸地區,7,0,0
112,公立,一般大學,0044,國立體育大學,大韓民國(南韓),其他亞洲地區,7,0,0
112,公立,一般大學,0044,國立體育大學,蒙古國,其他亞洲地區,2,0,0
112,公立,一般大學,0044,國立體育大學,俄羅斯聯邦,其他亞洲地區,2,0,0
112,公立,一般大學,0044,國立體育大學,日本,其他亞洲地區,10,1,0
112,公立,一般大學,0044,國立體育大學,丹麥王國,歐洲,1,0,0
112,公立,一般大學,0044,國立體育大學,荷蘭王國,歐洲,1,0,0
112,公立,一般大學,0044,國立體育大學,波蘭共和國,歐洲,1,0,0
112,公立,一般大學,0044,國立體育大學,西班牙王國,歐洲,1,0,0
112,公立,一般大學,0044,國立體育大學,英國,歐洲,1,0,0
112,公立,一般大學,0044,國立體育大學,德意志聯邦共和國,歐洲,2,1,0
112,公立,一般大學,0044,國立體育大學,克羅埃西亞共和國,歐洲,1,0,0
112,公立,一般大學,0044,國立體育大學,法國,歐洲,1,0,0
112,公立,一般大學,0044,國立體育大學,匈牙利共和國,歐洲,1,0,0
112,公立,一般大學,0044,國立體育大學,美國,北美洲,8,3,0
112,公立,技專校院,0046,國立臺北護理健康大學,新加坡共和國,東協,1,0,0
112,公立,技專校院,0046,國立臺北護理健康大學,泰國,東協,1,0,1
112,公立,技專校院,0046,國立臺北護理健康大學,印度尼西亞共和國,東協,3,0,1
112,公立,技專校院,0046,國立臺北護理健康大學,大韓民國(南韓),其他亞洲地區,2,0,0
112,公立,技專校院,0046,國立臺北護理健康大學,澳大利亞,其他亞洲地區,4,4,5
112,公立,技專校院,0046,國立臺北護理健康大學,日本,其他亞洲地區,3,0,2
112,公立,技專校院,0046,國立臺北護理健康大學,巴林,其他亞洲地區,1,0,0
112,公立,技專校院,0046,國立臺北護理健康大學,立陶宛共和國,歐洲,1,0,1
112,公立,技專校院,0046,國立臺北護理健康大學,捷克共和國,歐洲,1,0,0
112,公立,技專校院,0046,國立臺北護理健康大學,美國,北美洲,3,0,4
112,公立,技專校院,0047,國立高雄餐旅大學,菲律賓共和國,東協,2,0,0
112,公立,技專校院,0047,國立高雄餐旅大學,新加坡共和國,東協,1,0,0
112,公立,技專校院,0047,國立高雄餐旅大學,泰國,東協,1,0,0
112,公立,技專校院,0047,國立高雄餐旅大學,大韓民國(南韓),其他亞洲地區,2,0,0
112,公立,技專校院,0047,國立高雄餐旅大學,加拿大,北美洲,1,0,0
112,公立,一般大學,0048,國立金門大學,馬來西亞,東協,2,0,0
112,公立,一般大學,0048,國立金門大學,菲律賓共和國,東協,2,0,0
112,公立,一般大學,0048,國立金門大學,泰國,東協,2,0,0
112,公立,一般大學,0048,國立金門大學,越南社會主義共和國,東協,3,0,0
112,公立,一般大學,0048,國立金門大學,印度尼西亞共和國,東協,9,0,0
112,公立,一般大學,0048,國立金門大學,印度,南亞,4,0,0
112,公立,一般大學,0048,國立金門大學,澳門,港澳,1,0,0
112,公立,一般大學,0048,國立金門大學,大陸地區,大陸地區,32,0,0
112,公立,一般大學,0048,國立金門大學,日本,其他亞洲地區,3,0,0
112,公立,一般大學,0048,國立金門大學,大韓民國(南韓),其他亞洲地區,3,0,0
112,公立,一般大學,0048,國立金門大學,土耳其共和國,其他亞洲地區,2,0,0
112,公立,一般大學,0048,國立金門大學,俄羅斯聯邦,其他亞洲地區,1,0,0
112,公立,一般大學,0048,國立金門大學,德意志聯邦共和國,歐洲,1,0,0
112,公立,一般大學,0048,國立金門大學,美國,北美洲,2,1,0
112,公立,一般大學,0049,國立臺灣體育運動大學,越南社會主義共和國,東協,3,1,0
112,公立,一般大學,0049,國立臺灣體育運動大學,泰國,東協,2,0,0
112,公立,一般大學,0049,國立臺灣體育運動大學,大陸地區,大陸地區,12,0,0
112,公立,一般大學,0049,國立臺灣體育運動大學,澳大利亞,其他亞洲地區,2,0,1
112,公立,一般大學,0049,國立臺灣體育運動大學,日本,其他亞洲地區,7,1,0
112,公立,一般大學,0049,國立臺灣體育運動大學,大韓民國(南韓),其他亞洲地區,3,0,0
112,公立,一般大學,0049,國立臺灣體育運動大學,英國,歐洲,1,0,0
112,公立,一般大學,0049,國立臺灣體育運動大學,加拿大,北美洲,3,0,0
112,公立,一般大學,0049,國立臺灣體育運動大學,美國,北美洲,2,0,0
112,公立,技專校院,0050,國立臺中科技大學,日本,其他亞洲地區,1,1,0
112,公立,技專校院,0051,國立臺北商業大學,越南社會主義共和國,東協,0,0,1
112,公立,技專校院,0051,國立臺北商業大學,哈薩克共和國,其他亞洲地區,0,0,1
112,公立,技專校院,0051,國立臺北商業大學,法國,歐洲,0,0,1
112,公立,技專校院,0051,國立臺北商業大學,美國,北美洲,0,2,0
112,公立,一般大學,0052,國立屏東大學,馬來西亞,東協,5,0,0
112,公立,一般大學,0052,國立屏東大學,菲律賓共和國,東協,2,0,0
112,公立,一般大學,0052,國立屏東大學,泰國,東協,48,2,2
112,公立,一般大學,0052,國立屏東大學,越南社會主義共和國,東協,12,0,0
112,公立,一般大學,0052,國立屏東大學,印度尼西亞共和國,東協,10,0,0
112,公立,一般大學,0052,國立屏東大學,印度,南亞,1,0,0
112,公立,一般大學,0052,國立屏東大學,大陸地區,大陸地區,51,0,0
112,公立,一般大學,0052,國立屏東大學,日本,其他亞洲地區,12,0,1
112,公立,一般大學,0052,國立屏東大學,大韓民國(南韓),其他亞洲地區,5,1,0
112,公立,一般大學,0052,國立屏東大學,俄羅斯聯邦,其他亞洲地區,2,0,0
112,公立,一般大學,0052,國立屏東大學,澳大利亞,其他亞洲地區,1,0,0
112,公立,一般大學,0052,國立屏東大學,紐西蘭,其他亞洲地區,1,0,0
112,公立,一般大學,0052,國立屏東大學,蒙古國,其他亞洲地區,3,0,0
112,公立,一般大學,0052,國立屏東大學,波蘭共和國,歐洲,1,0,0
112,公立,一般大學,0052,國立屏東大學,德意志聯邦共和國,歐洲,1,0,2
112,公立,一般大學,0052,國立屏東大學,捷克共和國,歐洲,2,0,0
112,公立,一般大學,0052,國立屏東大學,義大利共和國,歐洲,1,0,0
112,公立,一般大學,0052,國立屏東大學,英國,歐洲,2,1,0
112,公立,一般大學,0052,國立屏東大學,加拿大,北美洲,1,0,0
112,公立,一般大學,0052,國立屏東大學,美國,北美洲,7,1,0
112,公立,一般大學,0052,國立屏東大學,巴西聯邦共和國,中南美洲,1,0,0
112,公立,技專校院,0053,國立高雄科技大學,馬來西亞,東協,0,0,0
112,公立,技專校院,0053,國立高雄科技大學,泰國,東協,0,0,0
112,公立,技專校院,0053,國立高雄科技大學,印度尼西亞共和國,東協,0,0,0
112,公立,技專校院,0053,國立高雄科技大學,菲律賓共和國,東協,0,0,0
112,公立,技專校院,0053,國立高雄科技大學,新加坡共和國,東協,0,0,0
112,公立,技專校院,0053,國立高雄科技大學,越南社會主義共和國,東協,0,0,0
112,公立,技專校院,0053,國立高雄科技大學,汶萊和平之國,東協,0,0,0
112,公立,技專校院,0053,國立高雄科技大學,柬埔寨王國,東協,0,0,0
112,公立,技專校院,0053,國立高雄科技大學,印度,南亞,0,0,0
112,公立,技專校院,0053,國立高雄科技大學,香港,港澳,0,0,0
112,公立,技專校院,0053,國立高雄科技大學,大陸地區,大陸地區,0,0,0
112,公立,技專校院,0053,國立高雄科技大學,澳大利亞,其他亞洲地區,0,0,0
112,公立,技專校院,0053,國立高雄科技大學,紐西蘭,其他亞洲地區,0,0,0
112,公立,技專校院,0053,國立高雄科技大學,日本,其他亞洲地區,0,2,0
112,公立,技專校院,0053,國立高雄科技大學,大韓民國(南韓),其他亞洲地區,4,0,0
112,公立,技專校院,0053,國立高雄科技大學,沙烏地阿拉伯王國,其他亞洲地區,0,0,0
112,公立,技專校院,0053,國立高雄科技大學,土耳其共和國,其他亞洲地區,0,0,0
112,公立,技專校院,0053,國立高雄科技大學,捷克共和國,歐洲,0,0,0
112,公立,技專校院,0053,國立高雄科技大學,丹麥王國,歐洲,0,0,0
112,公立,技專校院,0053,國立高雄科技大學,希臘共和國,歐洲,0,0,0
112,公立,技專校院,0053,國立高雄科技大學,荷蘭王國,歐洲,0,0,0
112,公立,技專校院,0053,國立高雄科技大學,波蘭共和國,歐洲,0,0,0
112,公立,技專校院,0053,國立高雄科技大學,葡萄牙共和國,歐洲,0,0,0
112,公立,技專校院,0053,國立高雄科技大學,瑞士聯邦,歐洲,0,0,0
112,公立,技專校院,0053,國立高雄科技大學,英國,歐洲,0,0,0
112,公立,技專校院,0053,國立高雄科技大學,克羅埃西亞共和國,歐洲,0,0,0
112,公立,技專校院,0053,國立高雄科技大學,奧地利共和國,歐洲,0,2,0
112,公立,技專校院,0053,國立高雄科技大學,芬蘭共和國,歐洲,0,0,0
112,公立,技專校院,0053,國立高雄科技大學,法國,歐洲,0,0,0
112,公立,技專校院,0053,國立高雄科技大學,義大利共和國,歐洲,0,0,0
112,公立,技專校院,0053,國立高雄科技大學,西班牙王國,歐洲,0,0,0
112,公立,技專校院,0053,國立高雄科技大學,德意志聯邦共和國,歐洲,0,1,0
112,公立,技專校院,0053,國立高雄科技大學,摩洛哥王國,非洲,0,0,0
112,公立,技專校院,0053,國立高雄科技大學,加拿大,北美洲,0,0,0
112,公立,技專校院,0053,國立高雄科技大學,美國,北美洲,0,1,0
112,公立,技專校院,0144,國立臺灣戲曲學院,新加坡共和國,東協,0,0,1
112,公立,技專校院,0144,國立臺灣戲曲學院,印度尼西亞共和國,東協,0,0,1
112,公立,技專校院,0144,國立臺灣戲曲學院,大陸地區,大陸地區,2,0,0
112,公立,技專校院,0144,國立臺灣戲曲學院,法國,歐洲,2,0,1
112,公立,技專校院,0221,國立臺南護理專科學校,美國,北美洲,1,0,0
112,私立,一般大學,1001,東海大學,越南社會主義共和國,東協,8,0,0
112,私立,一般大學,1001,東海大學,印度尼西亞共和國,東協,33,2,0
112,私立,一般大學,1001,東海大學,馬來西亞,東協,9,5,0
112,私立,一般大學,1001,東海大學,菲律賓共和國,東協,6,0,0
112,私立,一般大學,1001,東海大學,新加坡共和國,東協,1,0,0
112,私立,一般大學,1001,東海大學,泰國,東協,11,0,0
112,私立,一般大學,1001,東海大學,印度,南亞,8,0,1
112,私立,一般大學,1001,東海大學,香港,港澳,6,0,0
112,私立,一般大學,1001,東海大學,澳門,港澳,1,0,0
112,私立,一般大學,1001,東海大學,大陸地區,大陸地區,64,0,0
112,私立,一般大學,1001,東海大學,澳大利亞,其他亞洲地區,4,3,0
112,私立,一般大學,1001,東海大學,紐西蘭,其他亞洲地區,1,0,0
112,私立,一般大學,1001,東海大學,大韓民國(南韓),其他亞洲地區,14,0,0
112,私立,一般大學,1001,東海大學,土耳其共和國,其他亞洲地區,2,0,0
112,私立,一般大學,1001,東海大學,吉爾吉斯,其他亞洲地區,1,0,0
112,私立,一般大學,1001,東海大學,以色列,其他亞洲地區,1,0,0
112,私立,一般大學,1001,東海大學,日本,其他亞洲地區,43,1,0
112,私立,一般大學,1001,東海大學,烏克蘭,其他亞洲地區,2,0,0
112,私立,一般大學,1001,東海大學,奧地利共和國,歐洲,1,0,0
112,私立,一般大學,1001,東海大學,捷克共和國,歐洲,10,0,0
112,私立,一般大學,1001,東海大學,丹麥王國,歐洲,1,0,0
112,私立,一般大學,1001,東海大學,波蘭共和國,歐洲,3,0,1
112,私立,一般大學,1001,東海大學,葡萄牙共和國,歐洲,2,0,0
112,私立,一般大學,1001,東海大學,西班牙王國,歐洲,4,1,0
112,私立,一般大學,1001,東海大學,瑞士聯邦,歐洲,3,0,0
112,私立,一般大學,1001,東海大學,英國,歐洲,10,3,0
112,私立,一般大學,1001,東海大學,比利時王國,歐洲,3,0,0
112,私立,一般大學,1001,東海大學,法國,歐洲,12,1,0
112,私立,一般大學,1001,東海大學,匈牙利共和國,歐洲,3,0,0
112,私立,一般大學,1001,東海大學,愛爾蘭共和國,歐洲,2,0,0
112,私立,一般大學,1001,東海大學,義大利共和國,歐洲,6,0,0
112,私立,一般大學,1001,東海大學,羅馬尼亞,歐洲,1,0,0
112,私立,一般大學,1001,東海大學,瑞典王國,歐洲,1,0,0
112,私立,一般大學,1001,東海大學,德意志聯邦共和國,歐洲,7,0,0
112,私立,一般大學,1001,東海大學,立陶宛共和國,歐洲,2,0,0
112,私立,一般大學,1001,東海大學,斯洛伐克共和國,歐洲,1,0,2
112,私立,一般大學,1001,東海大學,埃及阿拉伯共和國,非洲,1,0,0
112,私立,一般大學,1001,東海大學,美國,北美洲,67,10,0
112,私立,一般大學,1001,東海大學,阿根廷,中南美洲,1,0,0
112,私立,一般大學,1001,東海大學,巴西聯邦共和國,中南美洲,1,0,0
112,私立,一般大學,1001,東海大學,哥倫比亞共和國,中南美洲,1,0,0
112,私立,一般大學,1002,輔仁大學,馬來西亞,東協,5,0,0
112,私立,一般大學,1002,輔仁大學,菲律賓共和國,東協,6,0,1
112,私立,一般大學,1002,輔仁大學,泰國,東協,5,0,0
112,私立,一般大學,1002,輔仁大學,印度尼西亞共和國,東協,11,0,0
112,私立,一般大學,1002,輔仁大學,新加坡共和國,東協,1,0,1
112,私立,一般大學,1002,輔仁大學,越南社會主義共和國,東協,2,0,0
112,私立,一般大學,1002,輔仁大學,印度,南亞,10,0,0
112,私立,一般大學,1002,輔仁大學,香港,港澳,5,0,0
112,私立,一般大學,1002,輔仁大學,澳門,港澳,3,0,0
112,私立,一般大學,1002,輔仁大學,大陸地區,大陸地區,74,0,0
112,私立,一般大學,1002,輔仁大學,日本,其他亞洲地區,45,1,0
112,私立,一般大學,1002,輔仁大學,澳大利亞,其他亞洲地區,6,1,0
112,私立,一般大學,1002,輔仁大學,巴布亞紐幾內亞獨立國,其他亞洲地區,2,0,0
112,私立,一般大學,1002,輔仁大學,大韓民國(南韓),其他亞洲地區,30,1,0
112,私立,一般大學,1002,輔仁大學,捷克共和國,歐洲,2,0,0
112,私立,一般大學,1002,輔仁大學,丹麥王國,歐洲,1,0,0
112,私立,一般大學,1002,輔仁大學,荷蘭王國,歐洲,1,0,0
112,私立,一般大學,1002,輔仁大學,波蘭共和國,歐洲,2,0,1
112,私立,一般大學,1002,輔仁大學,葡萄牙共和國,歐洲,1,0,0
112,私立,一般大學,1002,輔仁大學,西班牙王國,歐洲,14,6,0
112,私立,一般大學,1002,輔仁大學,瑞典王國,歐洲,1,0,0
112,私立,一般大學,1002,輔仁大學,德意志聯邦共和國,歐洲,5,1,1
112,私立,一般大學,1002,輔仁大學,斯洛維尼亞共和國,歐洲,1,0,0
112,私立,一般大學,1002,輔仁大學,奧地利共和國,歐洲,1,0,0
112,私立,一般大學,1002,輔仁大學,比利時王國,歐洲,2,1,0
112,私立,一般大學,1002,輔仁大學,芬蘭共和國,歐洲,1,0,0
112,私立,一般大學,1002,輔仁大學,法國,歐洲,20,2,0
112,私立,一般大學,1002,輔仁大學,匈牙利共和國,歐洲,1,0,0
112,私立,一般大學,1002,輔仁大學,義大利共和國,歐洲,8,1,0
112,私立,一般大學,1002,輔仁大學,英國,歐洲,2,0,0
112,私立,一般大學,1002,輔仁大學,斯洛伐克共和國,歐洲,1,0,0
112,私立,一般大學,1002,輔仁大學,索馬利亞民主共和國,非洲,1,0,0
112,私立,一般大學,1002,輔仁大學,迦納共和國,非洲,2,0,1
112,私立,一般大學,1002,輔仁大學,坦尚尼亞聯合共和國,非洲,2,0,0
112,私立,一般大學,1002,輔仁大學,布吉納法索,非洲,2,0,0
112,私立,一般大學,1002,輔仁大學,美國,北美洲,35,6,2
112,私立,一般大學,1002,輔仁大學,加拿大,北美洲,2,0,0
112,私立,一般大學,1002,輔仁大學,宏都拉斯共和國,中南美洲,1,0,0
112,私立,一般大學,1002,輔仁大學,墨西哥合眾國,中南美洲,5,0,0
112,私立,一般大學,1002,輔仁大學,尼加拉瓜,中南美洲,1,0,0
112,私立,一般大學,1002,輔仁大學,秘魯共和國,中南美洲,2,0,0
112,私立,一般大學,1002,輔仁大學,海地共和國,中南美洲,1,0,0
112,私立,一般大學,1002,輔仁大學,阿根廷,中南美洲,1,0,0
112,私立,一般大學,1002,輔仁大學,巴西聯邦共和國,中南美洲,1,0,0
112,私立,一般大學,1002,輔仁大學,智利,中南美洲,2,0,0
112,私立,一般大學,1003,東吳大學,馬來西亞,東協,1,0,0
112,私立,一般大學,1003,東吳大學,菲律賓共和國,東協,2,0,0
112,私立,一般大學,1003,東吳大學,泰國,東協,1,0,0
112,私立,一般大學,1003,東吳大學,柬埔寨王國,東協,1,0,0
112,私立,一般大學,1003,東吳大學,印度尼西亞共和國,東協,15,0,0
112,私立,一般大學,1003,東吳大學,新加坡共和國,東協,1,0,0
112,私立,一般大學,1003,東吳大學,越南社會主義共和國,東協,1,0,0
112,私立,一般大學,1003,東吳大學,汶萊和平之國,東協,1,0,0
112,私立,一般大學,1003,東吳大學,印度,南亞,4,0,0
112,私立,一般大學,1003,東吳大學,香港,港澳,1,0,0
112,私立,一般大學,1003,東吳大學,大陸地區,大陸地區,138,0,0
112,私立,一般大學,1003,東吳大學,澳大利亞,其他亞洲地區,7,2,0
112,私立,一般大學,1003,東吳大學,日本,其他亞洲地區,54,3,0
112,私立,一般大學,1003,東吳大學,俄羅斯聯邦,其他亞洲地區,1,0,0
112,私立,一般大學,1003,東吳大學,約旦哈什米王國,其他亞洲地區,1,0,0
112,私立,一般大學,1003,東吳大學,大韓民國(南韓),其他亞洲地區,29,0,0
112,私立,一般大學,1003,東吳大學,土耳其共和國,其他亞洲地區,1,0,0
112,私立,一般大學,1003,東吳大學,捷克共和國,歐洲,5,0,0
112,私立,一般大學,1003,東吳大學,法國,歐洲,17,1,0
112,私立,一般大學,1003,東吳大學,荷蘭王國,歐洲,7,0,0
112,私立,一般大學,1003,東吳大學,挪威王國,歐洲,1,0,0
112,私立,一般大學,1003,東吳大學,波蘭共和國,歐洲,6,0,0
112,私立,一般大學,1003,東吳大學,英國,歐洲,5,0,0
112,私立,一般大學,1003,東吳大學,愛沙尼亞共和國,歐洲,1,0,0
112,私立,一般大學,1003,東吳大學,拉脫維亞共和國,歐洲,1,0,0
112,私立,一般大學,1003,東吳大學,比利時王國,歐洲,2,0,0
112,私立,一般大學,1003,東吳大學,丹麥王國,歐洲,1,0,0
112,私立,一般大學,1003,東吳大學,匈牙利共和國,歐洲,6,0,0
112,私立,一般大學,1003,東吳大學,義大利共和國,歐洲,2,0,0
112,私立,一般大學,1003,東吳大學,西班牙王國,歐洲,2,0,0
112,私立,一般大學,1003,東吳大學,德意志聯邦共和國,歐洲,11,0,0
112,私立,一般大學,1003,東吳大學,立陶宛共和國,歐洲,2,0,0
112,私立,一般大學,1003,東吳大學,斯洛伐克共和國,歐洲,4,0,0
112,私立,一般大學,1003,東吳大學,南非共和國,非洲,1,0,0
112,私立,一般大學,1003,東吳大學,美國,北美洲,35,7,0
112,私立,一般大學,1003,東吳大學,巴哈馬,中南美洲,1,0,0
112,私立,一般大學,1003,東吳大學,墨西哥合眾國,中南美洲,1,0,0
112,私立,一般大學,1003,東吳大學,尼加拉瓜,中南美洲,1,0,0
112,私立,一般大學,1003,東吳大學,智利,中南美洲,1,0,0
112,私立,一般大學,1003,東吳大學,哥倫比亞共和國,中南美洲,1,0,0
112,私立,一般大學,1003,東吳大學,巴拉圭,中南美洲,1,0,0
112,私立,一般大學,1004,中原大學,馬來西亞,東協,7,0,0
112,私立,一般大學,1004,中原大學,菲律賓共和國,東協,13,1,1
112,私立,一般大學,1004,中原大學,泰國,東協,7,0,0
112,私立,一般大學,1004,中原大學,越南社會主義共和國,東協,9,0,0
112,私立,一般大學,1004,中原大學,柬埔寨王國,東協,3,0,0
112,私立,一般大學,1004,中原大學,印度尼西亞共和國,東協,20,4,0
112,私立,一般大學,1004,中原大學,新加坡共和國,東協,1,0,0
112,私立,一般大學,1004,中原大學,巴基斯坦,南亞,3,0,0
112,私立,一般大學,1004,中原大學,印度,南亞,2,0,0
112,私立,一般大學,1004,中原大學,香港,港澳,2,0,0
112,私立,一般大學,1004,中原大學,澳門,港澳,2,0,0
112,私立,一般大學,1004,中原大學,大陸地區,大陸地區,145,0,0
112,私立,一般大學,1004,中原大學,澳大利亞,其他亞洲地區,3,0,0
112,私立,一般大學,1004,中原大學,索羅門群島,其他亞洲地區,1,0,0
112,私立,一般大學,1004,中原大學,日本,其他亞洲地區,22,1,1
112,私立,一般大學,1004,中原大學,大韓民國(南韓),其他亞洲地區,22,0,0
112,私立,一般大學,1004,中原大學,土耳其共和國,其他亞洲地區,1,0,0
112,私立,一般大學,1004,中原大學,蒙古國,其他亞洲地區,1,0,0
112,私立,一般大學,1004,中原大學,俄羅斯聯邦,其他亞洲地區,4,0,0
112,私立,一般大學,1004,中原大學,哈薩克共和國,其他亞洲地區,1,0,0
112,私立,一般大學,1004,中原大學,奧地利共和國,歐洲,1,0,0
112,私立,一般大學,1004,中原大學,波蘭共和國,歐洲,2,0,0
112,私立,一般大學,1004,中原大學,葡萄牙共和國,歐洲,1,0,0
112,私立,一般大學,1004,中原大學,西班牙王國,歐洲,1,0,0
112,私立,一般大學,1004,中原大學,英國,歐洲,4,3,0
112,私立,一般大學,1004,中原大學,斯洛伐克共和國,歐洲,2,0,0
112,私立,一般大學,1004,中原大學,捷克共和國,歐洲,2,0,0
112,私立,一般大學,1004,中原大學,法國,歐洲,4,2,0
112,私立,一般大學,1004,中原大學,匈牙利共和國,歐洲,2,0,0
112,私立,一般大學,1004,中原大學,義大利共和國,歐洲,1,0,0
112,私立,一般大學,1004,中原大學,荷蘭王國,歐洲,4,0,0
112,私立,一般大學,1004,中原大學,德意志聯邦共和國,歐洲,6,0,1
112,私立,一般大學,1004,中原大學,斯洛維尼亞共和國,歐洲,1,0,0
112,私立,一般大學,1004,中原大學,索馬利蘭共和國,非洲,1,0,0
112,私立,一般大學,1004,中原大學,美國,北美洲,33,13,1
112,私立,一般大學,1005,淡江大學學校財團法人淡江大學,越南社會主義共和國,東協,9,1,0
112,私立,一般大學,1005,淡江大學學校財團法人淡江大學,馬來西亞,東協,8,6,0
112,私立,一般大學,1005,淡江大學學校財團法人淡江大學,菲律賓共和國,東協,2,0,0
112,私立,一般大學,1005,淡江大學學校財團法人淡江大學,泰國,東協,5,1,0
112,私立,一般大學,1005,淡江大學學校財團法人淡江大學,柬埔寨王國,東協,1,0,0
112,私立,一般大學,1005,淡江大學學校財團法人淡江大學,印度尼西亞共和國,東協,4,0,0
112,私立,一般大學,1005,淡江大學學校財團法人淡江大學,印度,南亞,10,1,0
112,私立,一般大學,1005,淡江大學學校財團法人淡江大學,澳門,港澳,2,0,0
112,私立,一般大學,1005,淡江大學學校財團法人淡江大學,香港,港澳,1,0,0
112,私立,一般大學,1005,淡江大學學校財團法人淡江大學,大陸地區,大陸地區,53,0,0
112,私立,一般大學,1005,淡江大學學校財團法人淡江大學,澳大利亞,其他亞洲地區,7,4,0
112,私立,一般大學,1005,淡江大學學校財團法人淡江大學,紐西蘭,其他亞洲地區,1,0,0
112,私立,一般大學,1005,淡江大學學校財團法人淡江大學,大韓民國(南韓),其他亞洲地區,10,0,0
112,私立,一般大學,1005,淡江大學學校財團法人淡江大學,烏克蘭,其他亞洲地區,1,0,0
112,私立,一般大學,1005,淡江大學學校財團法人淡江大學,蒙古國,其他亞洲地區,1,0,0
112,私立,一般大學,1005,淡江大學學校財團法人淡江大學,哈薩克共和國,其他亞洲地區,1,0,0
112,私立,一般大學,1005,淡江大學學校財團法人淡江大學,日本,其他亞洲地區,44,6,1
112,私立,一般大學,1005,淡江大學學校財團法人淡江大學,土耳其共和國,其他亞洲地區,1,0,0
112,私立,一般大學,1005,淡江大學學校財團法人淡江大學,俄羅斯聯邦,其他亞洲地區,5,0,0
112,私立,一般大學,1005,淡江大學學校財團法人淡江大學,比利時王國,歐洲,3,0,0
112,私立,一般大學,1005,淡江大學學校財團法人淡江大學,芬蘭共和國,歐洲,2,0,0
112,私立,一般大學,1005,淡江大學學校財團法人淡江大學,法國,歐洲,8,2,0
112,私立,一般大學,1005,淡江大學學校財團法人淡江大學,匈牙利共和國,歐洲,2,0,0
112,私立,一般大學,1005,淡江大學學校財團法人淡江大學,愛爾蘭共和國,歐洲,1,0,0
112,私立,一般大學,1005,淡江大學學校財團法人淡江大學,義大利共和國,歐洲,1,0,0
112,私立,一般大學,1005,淡江大學學校財團法人淡江大學,羅馬尼亞,歐洲,1,0,0
112,私立,一般大學,1005,淡江大學學校財團法人淡江大學,奧地利共和國,歐洲,1,0,0
112,私立,一般大學,1005,淡江大學學校財團法人淡江大學,捷克共和國,歐洲,2,0,1
112,私立,一般大學,1005,淡江大學學校財團法人淡江大學,荷蘭王國,歐洲,1,0,1
112,私立,一般大學,1005,淡江大學學校財團法人淡江大學,波蘭共和國,歐洲,2,0,0
112,私立,一般大學,1005,淡江大學學校財團法人淡江大學,西班牙王國,歐洲,9,0,0
112,私立,一般大學,1005,淡江大學學校財團法人淡江大學,瑞典王國,歐洲,1,0,0
112,私立,一般大學,1005,淡江大學學校財團法人淡江大學,英國,歐洲,8,1,0
112,私立,一般大學,1005,淡江大學學校財團法人淡江大學,德意志聯邦共和國,歐洲,4,0,0
112,私立,一般大學,1005,淡江大學學校財團法人淡江大學,拉脫維亞共和國,歐洲,1,0,0
112,私立,一般大學,1005,淡江大學學校財團法人淡江大學,立陶宛共和國,歐洲,1,0,0
112,私立,一般大學,1005,淡江大學學校財團法人淡江大學,斯洛維尼亞共和國,歐洲,1,0,0
112,私立,一般大學,1005,淡江大學學校財團法人淡江大學,馬拉威共和國,非洲,1,0,0
112,私立,一般大學,1005,淡江大學學校財團法人淡江大學,南非共和國,非洲,2,0,0
112,私立,一般大學,1005,淡江大學學校財團法人淡江大學,加拿大,北美洲,4,0,0
112,私立,一般大學,1005,淡江大學學校財團法人淡江大學,美國,北美洲,47,6,1
112,私立,一般大學,1005,淡江大學學校財團法人淡江大學,哥斯大黎加共和國,中南美洲,1,0,0
112,私立,一般大學,1005,淡江大學學校財團法人淡江大學,墨西哥合眾國,中南美洲,2,0,0
112,私立,一般大學,1005,淡江大學學校財團法人淡江大學,阿根廷,中南美洲,2,0,0
112,私立,一般大學,1005,淡江大學學校財團法人淡江大學,智利,中南美洲,1,0,0
112,私立,一般大學,1005,淡江大學學校財團法人淡江大學,巴拉圭,中南美洲,2,0,0
112,私立,一般大學,1005,淡江大學學校財團法人淡江大學,巴拿馬共和國,中南美洲,3,0,0
112,私立,一般大學,1006,中國文化大學,菲律賓共和國,東協,3,0,0
112,私立,一般大學,1006,中國文化大學,越南社會主義共和國,東協,15,0,1
112,私立,一般大學,1006,中國文化大學,印度尼西亞共和國,東協,7,0,0
112,私立,一般大學,1006,中國文化大學,馬來西亞,東協,6,3,1
112,私立,一般大學,1006,中國文化大學,泰國,東協,14,1,1
112,私立,一般大學,1006,中國文化大學,緬甸,東協,1,0,0
112,私立,一般大學,1006,中國文化大學,印度,南亞,3,0,0
112,私立,一般大學,1006,中國文化大學,澳門,港澳,2,0,0
112,私立,一般大學,1006,中國文化大學,大陸地區,大陸地區,180,1,17
112,私立,一般大學,1006,中國文化大學,日本,其他亞洲地區,34,3,11
112,私立,一般大學,1006,中國文化大學,烏克蘭,其他亞洲地區,3,0,0
112,私立,一般大學,1006,中國文化大學,蒙古國,其他亞洲地區,1,0,0
112,私立,一般大學,1006,中國文化大學,澳大利亞,其他亞洲地區,3,3,1
112,私立,一般大學,1006,中國文化大學,大韓民國(南韓),其他亞洲地區,50,6,2
112,私立,一般大學,1006,中國文化大學,土耳其共和國,其他亞洲地區,1,0,0
112,私立,一般大學,1006,中國文化大學,俄羅斯聯邦,其他亞洲地區,9,1,0
112,私立,一般大學,1006,中國文化大學,奧地利共和國,歐洲,1,0,0
112,私立,一般大學,1006,中國文化大學,比利時王國,歐洲,3,0,0
112,私立,一般大學,1006,中國文化大學,芬蘭共和國,歐洲,1,0,0
112,私立,一般大學,1006,中國文化大學,法國,歐洲,13,3,1
112,私立,一般大學,1006,中國文化大學,愛爾蘭共和國,歐洲,1,0,0
112,私立,一般大學,1006,中國文化大學,義大利共和國,歐洲,4,0,1
112,私立,一般大學,1006,中國文化大學,瑞士聯邦,歐洲,1,1,0
112,私立,一般大學,1006,中國文化大學,德意志聯邦共和國,歐洲,5,0,0
112,私立,一般大學,1006,中國文化大學,波蘭共和國,歐洲,2,0,0
112,私立,一般大學,1006,中國文化大學,西班牙王國,歐洲,1,1,0
112,私立,一般大學,1006,中國文化大學,英國,歐洲,7,0,1
112,私立,一般大學,1006,中國文化大學,拉脫維亞共和國,歐洲,1,0,0
112,私立,一般大學,1006,中國文化大學,斯洛維尼亞共和國,歐洲,1,0,0
112,私立,一般大學,1006,中國文化大學,賴比瑞亞共和國,非洲,1,0,0
112,私立,一般大學,1006,中國文化大學,南非共和國,非洲,1,0,0
112,私立,一般大學,1006,中國文化大學,加拿大,北美洲,1,1,0
112,私立,一般大學,1006,中國文化大學,美國,北美洲,33,10,2
112,私立,一般大學,1006,中國文化大學,多明尼加共和國,中南美洲,1,0,0
112,私立,一般大學,1006,中國文化大學,阿根廷,中南美洲,1,0,0
112,私立,一般大學,1006,中國文化大學,巴拉圭,中南美洲,1,0,0
112,私立,一般大學,1006,中國文化大學,秘魯共和國,中南美洲,1,0,0
112,私立,一般大學,1006,中國文化大學,墨西哥合眾國,中南美洲,1,0,0
112,私立,一般大學,1007,逢甲大學,新加坡共和國,東協,2,0,0
112,私立,一般大學,1007,逢甲大學,越南社會主義共和國,東協,27,4,0
112,私立,一般大學,1007,逢甲大學,緬甸,東協,1,0,0
112,私立,一般大學,1007,逢甲大學,印度尼西亞共和國,東協,10,1,0
112,私立,一般大學,1007,逢甲大學,馬來西亞,東協,8,3,0
112,私立,一般大學,1007,逢甲大學,菲律賓共和國,東協,1,0,0
112,私立,一般大學,1007,逢甲大學,泰國,東協,10,1,0
112,私立,一般大學,1007,逢甲大學,印度,南亞,5,0,0
112,私立,一般大學,1007,逢甲大學,香港,港澳,3,0,0
112,私立,一般大學,1007,逢甲大學,大陸地區,大陸地區,75,1,0
112,私立,一般大學,1007,逢甲大學,澳大利亞,其他亞洲地區,8,8,0
112,私立,一般大學,1007,逢甲大學,大韓民國(南韓),其他亞洲地區,16,2,0
112,私立,一般大學,1007,逢甲大學,土耳其共和國,其他亞洲地區,1,0,0
112,私立,一般大學,1007,逢甲大學,俄羅斯聯邦,其他亞洲地區,2,0,0
112,私立,一般大學,1007,逢甲大學,日本,其他亞洲地區,22,0,0
112,私立,一般大學,1007,逢甲大學,烏克蘭,其他亞洲地區,1,0,0
112,私立,一般大學,1007,逢甲大學,奧地利共和國,歐洲,1,0,0
112,私立,一般大學,1007,逢甲大學,比利時王國,歐洲,2,0,0
112,私立,一般大學,1007,逢甲大學,西班牙王國,歐洲,5,1,0
112,私立,一般大學,1007,逢甲大學,瑞士聯邦,歐洲,3,2,0
112,私立,一般大學,1007,逢甲大學,英國,歐洲,13,5,0
112,私立,一般大學,1007,逢甲大學,德意志聯邦共和國,歐洲,6,0,1
112,私立,一般大學,1007,逢甲大學,捷克共和國,歐洲,2,0,0
112,私立,一般大學,1007,逢甲大學,芬蘭共和國,歐洲,1,0,0
112,私立,一般大學,1007,逢甲大學,法國,歐洲,12,3,0
112,私立,一般大學,1007,逢甲大學,希臘共和國,歐洲,2,0,0
112,私立,一般大學,1007,逢甲大學,匈牙利共和國,歐洲,2,0,0
112,私立,一般大學,1007,逢甲大學,冰島共和國,歐洲,1,0,0
112,私立,一般大學,1007,逢甲大學,荷蘭王國,歐洲,5,0,0
112,私立,一般大學,1007,逢甲大學,羅馬尼亞,歐洲,3,0,0
112,私立,一般大學,1007,逢甲大學,瑞典王國,歐洲,2,0,0
112,私立,一般大學,1007,逢甲大學,摩洛哥王國,非洲,1,0,0
112,私立,一般大學,1007,逢甲大學,美國,北美洲,21,7,0
112,私立,一般大學,1008,靜宜大學,新加坡共和國,東協,1,0,0
112,私立,一般大學,1008,靜宜大學,越南社會主義共和國,東協,19,1,0
112,私立,一般大學,1008,靜宜大學,印度尼西亞共和國,東協,18,4,0
112,私立,一般大學,1008,靜宜大學,馬來西亞,東協,5,1,0
112,私立,一般大學,1008,靜宜大學,菲律賓共和國,東協,14,0,0
112,私立,一般大學,1008,靜宜大學,泰國,東協,22,0,0
112,私立,一般大學,1008,靜宜大學,柬埔寨王國,東協,2,0,0
112,私立,一般大學,1008,靜宜大學,印度,南亞,21,1,0
112,私立,一般大學,1008,靜宜大學,香港,港澳,3,0,0
112,私立,一般大學,1008,靜宜大學,澳門,港澳,1,0,0
112,私立,一般大學,1008,靜宜大學,大陸地區,大陸地區,111,0,0
112,私立,一般大學,1008,靜宜大學,蒙古國,其他亞洲地區,1,1,0
112,私立,一般大學,1008,靜宜大學,吉爾吉斯,其他亞洲地區,1,0,0
112,私立,一般大學,1008,靜宜大學,澳大利亞,其他亞洲地區,5,3,0
112,私立,一般大學,1008,靜宜大學,紐西蘭,其他亞洲地區,3,0,0
112,私立,一般大學,1008,靜宜大學,以色列,其他亞洲地區,1,0,0
112,私立,一般大學,1008,靜宜大學,日本,其他亞洲地區,47,1,0
112,私立,一般大學,1008,靜宜大學,大韓民國(南韓),其他亞洲地區,19,1,0
112,私立,一般大學,1008,靜宜大學,土耳其共和國,其他亞洲地區,4,0,0
112,私立,一般大學,1008,靜宜大學,阿拉伯聯合大公國,其他亞洲地區,1,0,0
112,私立,一般大學,1008,靜宜大學,俄羅斯聯邦,其他亞洲地區,2,0,0
112,私立,一般大學,1008,靜宜大學,奧地利共和國,歐洲,2,1,0
112,私立,一般大學,1008,靜宜大學,比利時王國,歐洲,2,0,0
112,私立,一般大學,1008,靜宜大學,丹麥王國,歐洲,1,0,0
112,私立,一般大學,1008,靜宜大學,芬蘭共和國,歐洲,1,0,0
112,私立,一般大學,1008,靜宜大學,義大利共和國,歐洲,7,0,0
112,私立,一般大學,1008,靜宜大學,葡萄牙共和國,歐洲,1,0,0
112,私立,一般大學,1008,靜宜大學,西班牙王國,歐洲,18,0,0
112,私立,一般大學,1008,靜宜大學,瑞士聯邦,歐洲,3,0,0
112,私立,一般大學,1008,靜宜大學,德意志聯邦共和國,歐洲,12,3,0
112,私立,一般大學,1008,靜宜大學,立陶宛共和國,歐洲,3,0,0
112,私立,一般大學,1008,靜宜大學,捷克共和國,歐洲,7,0,0
112,私立,一般大學,1008,靜宜大學,法國,歐洲,12,2,0
112,私立,一般大學,1008,靜宜大學,匈牙利共和國,歐洲,2,0,0
112,私立,一般大學,1008,靜宜大學,冰島共和國,歐洲,1,0,0
112,私立,一般大學,1008,靜宜大學,荷蘭王國,歐洲,3,0,0
112,私立,一般大學,1008,靜宜大學,挪威王國,歐洲,1,0,0
112,私立,一般大學,1008,靜宜大學,波蘭共和國,歐洲,4,0,0
112,私立,一般大學,1008,靜宜大學,瑞典王國,歐洲,2,0,0
112,私立,一般大學,1008,靜宜大學,英國,歐洲,9,3,0
112,私立,一般大學,1008,靜宜大學,愛沙尼亞共和國,歐洲,1,0,0
112,私立,一般大學,1008,靜宜大學,拉脫維亞共和國,歐洲,1,0,0
112,私立,一般大學,1008,靜宜大學,史瓦帝尼王國,非洲,1,0,0
112,私立,一般大學,1008,靜宜大學,肯亞共和國,非洲,1,0,0
112,私立,一般大學,1008,靜宜大學,加拿大,北美洲,7,0,0
112,私立,一般大學,1008,靜宜大學,美國,北美洲,51,6,0
112,私立,一般大學,1008,靜宜大學,阿根廷,中南美洲,2,0,0
112,私立,一般大學,1008,靜宜大學,厄瓜多共和國,中南美洲,2,0,0
112,私立,一般大學,1008,靜宜大學,巴拉圭,中南美洲,2,0,0
112,私立,一般大學,1008,靜宜大學,巴貝多,中南美洲,1,0,0
112,私立,一般大學,1008,靜宜大學,哥斯大黎加共和國,中南美洲,1,0,0
112,私立,一般大學,1008,靜宜大學,瓜地馬拉共和國,中南美洲,1,0,0
112,私立,一般大學,1008,靜宜大學,宏都拉斯共和國,中南美洲,1,0,0
112,私立,一般大學,1008,靜宜大學,墨西哥合眾國,中南美洲,7,0,0
112,私立,一般大學,1008,靜宜大學,尼加拉瓜,中南美洲,1,0,0
112,私立,一般大學,1008,靜宜大學,巴拿馬共和國,中南美洲,2,0,0
112,私立,一般大學,1008,靜宜大學,貝里斯,中南美洲,1,0,0
112,私立,一般大學,1008,靜宜大學,巴西聯邦共和國,中南美洲,4,0,0
112,私立,一般大學,1008,靜宜大學,智利,中南美洲,1,0,0
112,私立,一般大學,1008,靜宜大學,哥倫比亞共和國,中南美洲,3,0,0
112,私立,一般大學,1008,靜宜大學,秘魯共和國,中南美洲,1,0,0
112,私立,一般大學,1009,長庚大學,馬來西亞,東協,4,1,0
112,私立,一般大學,1009,長庚大學,菲律賓共和國,東協,1,0,0
112,私立,一般大學,1009,長庚大學,泰國,東協,10,4,0
112,私立,一般大學,1009,長庚大學,越南社會主義共和國,東協,18,2,0
112,私立,一般大學,1009,長庚大學,印度尼西亞共和國,東協,19,3,0
112,私立,一般大學,1009,長庚大學,新加坡共和國,東協,3,1,0
112,私立,一般大學,1009,長庚大學,印度,南亞,10,1,1
112,私立,一般大學,1009,長庚大學,香港,港澳,4,0,0
112,私立,一般大學,1009,長庚大學,大陸地區,大陸地區,7,0,0
112,私立,一般大學,1009,長庚大學,澳大利亞,其他亞洲地區,3,1,0
112,私立,一般大學,1009,長庚大學,日本,其他亞洲地區,22,0,0
112,私立,一般大學,1009,長庚大學,大韓民國(南韓),其他亞洲地區,6,1,0
112,私立,一般大學,1009,長庚大學,烏克蘭,其他亞洲地區,1,0,0
112,私立,一般大學,1009,長庚大學,西班牙王國,歐洲,1,0,0
112,私立,一般大學,1009,長庚大學,瑞典王國,歐洲,2,0,0
112,私立,一般大學,1009,長庚大學,英國,歐洲,1,0,0
112,私立,一般大學,1009,長庚大學,捷克共和國,歐洲,3,0,0
112,私立,一般大學,1009,長庚大學,法國,歐洲,10,2,1
112,私立,一般大學,1009,長庚大學,匈牙利共和國,歐洲,1,0,0
112,私立,一般大學,1009,長庚大學,義大利共和國,歐洲,2,0,0
112,私立,一般大學,1009,長庚大學,荷蘭王國,歐洲,2,0,0
112,私立,一般大學,1009,長庚大學,波蘭共和國,歐洲,1,0,1
112,私立,一般大學,1009,長庚大學,瑞士聯邦,歐洲,1,0,0
112,私立,一般大學,1009,長庚大學,德意志聯邦共和國,歐洲,3,0,1
112,私立,一般大學,1009,長庚大學,拉脫維亞共和國,歐洲,0,0,1
112,私立,一般大學,1009,長庚大學,立陶宛共和國,歐洲,0,0,0
112,私立,一般大學,1009,長庚大學,美國,北美洲,28,8,0
112,私立,一般大學,1010,元智大學,馬來西亞,東協,8,4,0
112,私立,一般大學,1010,元智大學,菲律賓共和國,東協,5,0,0
112,私立,一般大學,1010,元智大學,泰國,東協,9,0,1
112,私立,一般大學,1010,元智大學,越南社會主義共和國,東協,36,2,0
112,私立,一般大學,1010,元智大學,印度尼西亞共和國,東協,17,5,0
112,私立,一般大學,1010,元智大學,孟加拉人民共和國,南亞,6,2,0
112,私立,一般大學,1010,元智大學,印度,南亞,26,1,1
112,私立,一般大學,1010,元智大學,香港,港澳,4,0,0
112,私立,一般大學,1010,元智大學,大陸地區,大陸地區,68,10,0
112,私立,一般大學,1010,元智大學,澳大利亞,其他亞洲地區,7,3,0
112,私立,一般大學,1010,元智大學,以色列,其他亞洲地區,2,0,0
112,私立,一般大學,1010,元智大學,日本,其他亞洲地區,13,1,0
112,私立,一般大學,1010,元智大學,大韓民國(南韓),其他亞洲地區,16,0,0
112,私立,一般大學,1010,元智大學,土耳其共和國,其他亞洲地區,5,0,0
112,私立,一般大學,1010,元智大學,烏克蘭,其他亞洲地區,2,0,0
112,私立,一般大學,1010,元智大學,俄羅斯聯邦,其他亞洲地區,1,0,0
112,私立,一般大學,1010,元智大學,哈薩克共和國,其他亞洲地區,1,0,0
112,私立,一般大學,1010,元智大學,亞美尼亞共和國,其他亞洲地區,1,0,0
112,私立,一般大學,1010,元智大學,比利時王國,歐洲,1,0,0
112,私立,一般大學,1010,元智大學,丹麥王國,歐洲,1,0,0
112,私立,一般大學,1010,元智大學,芬蘭共和國,歐洲,1,0,0
112,私立,一般大學,1010,元智大學,愛爾蘭共和國,歐洲,1,0,0
112,私立,一般大學,1010,元智大學,挪威王國,歐洲,1,0,0
112,私立,一般大學,1010,元智大學,波蘭共和國,歐洲,1,0,0
112,私立,一般大學,1010,元智大學,葡萄牙共和國,歐洲,1,0,0
112,私立,一般大學,1010,元智大學,瑞典王國,歐洲,2,0,0
112,私立,一般大學,1010,元智大學,英國,歐洲,5,3,1
112,私立,一般大學,1010,元智大學,捷克共和國,歐洲,5,0,0
112,私立,一般大學,1010,元智大學,法國,歐洲,11,1,0
112,私立,一般大學,1010,元智大學,匈牙利共和國,歐洲,3,0,0
112,私立,一般大學,1010,元智大學,義大利共和國,歐洲,2,0,0
112,私立,一般大學,1010,元智大學,荷蘭王國,歐洲,3,1,0
112,私立,一般大學,1010,元智大學,西班牙王國,歐洲,3,0,0
112,私立,一般大學,1010,元智大學,德意志聯邦共和國,歐洲,8,2,0
112,私立,一般大學,1010,元智大學,斯洛維尼亞共和國,歐洲,1,0,0
112,私立,一般大學,1010,元智大學,摩洛哥王國,非洲,1,0,0
112,私立,一般大學,1010,元智大學,南非共和國,非洲,2,0,0
112,私立,一般大學,1010,元智大學,加拿大,北美洲,3,0,2
112,私立,一般大學,1010,元智大學,美國,北美洲,27,6,2
112,私立,一般大學,1010,元智大學,墨西哥合眾國,中南美洲,1,0,0
112,私立,一般大學,1010,元智大學,巴西聯邦共和國,中南美洲,1,0,0
112,私立,一般大學,1011,中華大學學校財團法人中華大學,越南社會主義共和國,東協,17,8,0
112,私立,一般大學,1011,中華大學學校財團法人中華大學,柬埔寨王國,東協,1,0,0
112,私立,一般大學,1011,中華大學學校財團法人中華大學,印度尼西亞共和國,東協,6,0,0
112,私立,一般大學,1011,中華大學學校財團法人中華大學,馬來西亞,東協,7,2,0
112,私立,一般大學,1011,中華大學學校財團法人中華大學,菲律賓共和國,東協,8,1,0
112,私立,一般大學,1011,中華大學學校財團法人中華大學,泰國,東協,5,4,0
112,私立,一般大學,1011,中華大學學校財團法人中華大學,大陸地區,大陸地區,73,2,0
112,私立,一般大學,1011,中華大學學校財團法人中華大學,澳大利亞,其他亞洲地區,1,0,0
112,私立,一般大學,1011,中華大學學校財團法人中華大學,大韓民國(南韓),其他亞洲地區,6,0,0
112,私立,一般大學,1011,中華大學學校財團法人中華大學,俄羅斯聯邦,其他亞洲地區,1,0,0
112,私立,一般大學,1011,中華大學學校財團法人中華大學,日本,其他亞洲地區,10,2,0
112,私立,一般大學,1011,中華大學學校財團法人中華大學,阿拉伯聯合大公國,其他亞洲地區,1,0,0
112,私立,一般大學,1011,中華大學學校財團法人中華大學,哈薩克共和國,其他亞洲地區,1,0,0
112,私立,一般大學,1011,中華大學學校財團法人中華大學,奧地利共和國,歐洲,1,1,0
112,私立,一般大學,1011,中華大學學校財團法人中華大學,捷克共和國,歐洲,1,1,0
112,私立,一般大學,1011,中華大學學校財團法人中華大學,荷蘭王國,歐洲,2,0,0
112,私立,一般大學,1011,中華大學學校財團法人中華大學,西班牙王國,歐洲,2,1,0
112,私立,一般大學,1011,中華大學學校財團法人中華大學,英國,歐洲,4,3,0
112,私立,一般大學,1011,中華大學學校財團法人中華大學,瑞士聯邦,歐洲,1,1,0
112,私立,一般大學,1011,中華大學學校財團法人中華大學,斯洛伐克共和國,歐洲,1,1,0
112,私立,一般大學,1011,中華大學學校財團法人中華大學,美國,北美洲,18,4,0
112,私立,一般大學,1011,中華大學學校財團法人中華大學,智利,中南美洲,1,0,0
112,私立,一般大學,1012,大葉大學,馬來西亞,東協,3,0,0
112,私立,一般大學,1012,大葉大學,印度尼西亞共和國,東協,33,0,0
112,私立,一般大學,1012,大葉大學,菲律賓共和國,東協,3,0,0
112,私立,一般大學,1012,大葉大學,泰國,東協,4,0,0
112,私立,一般大學,1012,大葉大學,越南社會主義共和國,東協,9,0,0
112,私立,一般大學,1012,大葉大學,印度,南亞,1,0,0
112,私立,一般大學,1012,大葉大學,大陸地區,大陸地區,11,0,0
112,私立,一般大學,1012,大葉大學,蒙古國,其他亞洲地區,1,0,0
112,私立,一般大學,1012,大葉大學,俄羅斯聯邦,其他亞洲地區,5,0,0
112,私立,一般大學,1012,大葉大學,澳大利亞,其他亞洲地區,1,1,0
112,私立,一般大學,1012,大葉大學,日本,其他亞洲地區,11,3,0
112,私立,一般大學,1012,大葉大學,大韓民國(南韓),其他亞洲地區,1,0,0
112,私立,一般大學,1012,大葉大學,土耳其共和國,其他亞洲地區,4,0,0
112,私立,一般大學,1012,大葉大學,波蘭共和國,歐洲,1,0,0
112,私立,一般大學,1012,大葉大學,西班牙王國,歐洲,2,0,0
112,私立,一般大學,1012,大葉大學,德意志聯邦共和國,歐洲,2,0,0
112,私立,一般大學,1012,大葉大學,法國,歐洲,4,1,0
112,私立,一般大學,1012,大葉大學,義大利共和國,歐洲,4,0,0
112,私立,一般大學,1012,大葉大學,羅馬尼亞,歐洲,3,0,0
112,私立,一般大學,1012,大葉大學,英國,歐洲,1,1,0
112,私立,一般大學,1012,大葉大學,美國,北美洲,5,4,0
112,私立,一般大學,1012,大葉大學,玻利維亞共和國,中南美洲,2,0,0
112,私立,一般大學,1012,大葉大學,貝里斯,中南美洲,1,0,0
112,私立,一般大學,1013,華梵學校財團法人華梵大學,菲律賓共和國,東協,1,0,0
112,私立,一般大學,1013,華梵學校財團法人華梵大學,泰國,東協,1,0,0
112,私立,一般大學,1013,華梵學校財團法人華梵大學,越南社會主義共和國,東協,8,0,0
112,私立,一般大學,1013,華梵學校財團法人華梵大學,印度尼西亞共和國,東協,1,0,0
112,私立,一般大學,1013,華梵學校財團法人華梵大學,尼泊爾聯邦民主共和國,南亞,1,0,0
112,私立,一般大學,1013,華梵學校財團法人華梵大學,印度,南亞,3,0,0
112,私立,一般大學,1013,華梵學校財團法人華梵大學,大陸地區,大陸地區,28,0,0
112,私立,一般大學,1013,華梵學校財團法人華梵大學,澳大利亞,其他亞洲地區,2,0,0
112,私立,一般大學,1013,華梵學校財團法人華梵大學,日本,其他亞洲地區,6,0,0
112,私立,一般大學,1013,華梵學校財團法人華梵大學,大韓民國(南韓),其他亞洲地區,5,0,0
112,私立,一般大學,1013,華梵學校財團法人華梵大學,法國,歐洲,1,0,0
112,私立,一般大學,1013,華梵學校財團法人華梵大學,英國,歐洲,1,1,0
112,私立,一般大學,1013,華梵學校財團法人華梵大學,西班牙王國,歐洲,1,1,0
112,私立,一般大學,1013,華梵學校財團法人華梵大學,加拿大,北美洲,1,0,0
112,私立,一般大學,1013,華梵學校財團法人華梵大學,美國,北美洲,10,0,0
112,私立,一般大學,1014,義守大學,馬來西亞,東協,1,0,0
112,私立,一般大學,1014,義守大學,菲律賓共和國,東協,6,0,0
112,私立,一般大學,1014,義守大學,泰國,東協,14,1,0
112,私立,一般大學,1014,義守大學,柬埔寨王國,東協,1,0,0
112,私立,一般大學,1014,義守大學,印度尼西亞共和國,東協,31,0,0
112,私立,一般大學,1014,義守大學,斯里蘭卡民主社會主義共和國,南亞,1,0,0
112,私立,一般大學,1014,義守大學,印度,南亞,10,0,0
112,私立,一般大學,1014,義守大學,香港,港澳,1,1,0
112,私立,一般大學,1014,義守大學,澳門,港澳,3,0,0
112,私立,一般大學,1014,義守大學,大陸地區,大陸地區,220,3,0
112,私立,一般大學,1014,義守大學,吐瓦魯,其他亞洲地區,1,0,0
112,私立,一般大學,1014,義守大學,日本,其他亞洲地區,27,1,0
112,私立,一般大學,1014,義守大學,吉爾吉斯,其他亞洲地區,1,0,0
112,私立,一般大學,1014,義守大學,大韓民國(南韓),其他亞洲地區,13,0,0
112,私立,一般大學,1014,義守大學,奧地利共和國,歐洲,2,0,0
112,私立,一般大學,1014,義守大學,西班牙王國,歐洲,1,0,0
112,私立,一般大學,1014,義守大學,瑞士聯邦,歐洲,1,0,0
112,私立,一般大學,1014,義守大學,德意志聯邦共和國,歐洲,1,0,0
112,私立,一般大學,1014,義守大學,愛沙尼亞共和國,歐洲,1,0,0
112,私立,一般大學,1014,義守大學,立陶宛共和國,歐洲,1,0,0
112,私立,一般大學,1014,義守大學,保加利亞共和國,歐洲,1,0,0
112,私立,一般大學,1014,義守大學,芬蘭共和國,歐洲,1,0,0
112,私立,一般大學,1014,義守大學,法國,歐洲,5,0,0
112,私立,一般大學,1014,義守大學,英國,歐洲,5,1,0
112,私立,一般大學,1014,義守大學,塞爾維亞共和國,歐洲,1,0,0
112,私立,一般大學,1014,義守大學,南非共和國,非洲,1,0,0
112,私立,一般大學,1014,義守大學,加拿大,北美洲,2,0,0
112,私立,一般大學,1014,義守大學,美國,北美洲,9,2,0
112,私立,一般大學,1014,義守大學,宏都拉斯共和國,中南美洲,1,0,0
112,私立,一般大學,1014,義守大學,秘魯共和國,中南美洲,1,0,0
112,私立,一般大學,1014,義守大學,巴西聯邦共和國,中南美洲,1,0,0
112,私立,一般大學,1015,世新大學,馬來西亞,東協,3,2,0
112,私立,一般大學,1015,世新大學,泰國,東協,1,0,0
112,私立,一般大學,1015,世新大學,印度尼西亞共和國,東協,1,0,0
112,私立,一般大學,1015,世新大學,香港,港澳,3,0,0
112,私立,一般大學,1015,世新大學,澳門,港澳,1,0,0
112,私立,一般大學,1015,世新大學,大陸地區,大陸地區,126,0,0
112,私立,一般大學,1015,世新大學,日本,其他亞洲地區,21,0,0
112,私立,一般大學,1015,世新大學,大韓民國(南韓),其他亞洲地區,9,0,0
112,私立,一般大學,1015,世新大學,土耳其共和國,其他亞洲地區,1,0,0
112,私立,一般大學,1015,世新大學,俄羅斯聯邦,其他亞洲地區,2,0,0
112,私立,一般大學,1015,世新大學,比利時王國,歐洲,1,0,0
112,私立,一般大學,1015,世新大學,法國,歐洲,5,0,0
112,私立,一般大學,1015,世新大學,匈牙利共和國,歐洲,1,0,0
112,私立,一般大學,1015,世新大學,義大利共和國,歐洲,2,0,0
112,私立,一般大學,1015,世新大學,拉脫維亞共和國,歐洲,1,0,0
112,私立,一般大學,1015,世新大學,捷克共和國,歐洲,1,0,0
112,私立,一般大學,1015,世新大學,波蘭共和國,歐洲,2,0,0
112,私立,一般大學,1015,世新大學,西班牙王國,歐洲,2,0,0
112,私立,一般大學,1015,世新大學,瑞士聯邦,歐洲,1,0,0
112,私立,一般大學,1015,世新大學,德意志聯邦共和國,歐洲,1,0,1
112,私立,一般大學,1015,世新大學,斯洛伐克共和國,歐洲,2,0,0
112,私立,一般大學,1015,世新大學,斯洛維尼亞共和國,歐洲,1,0,0
112,私立,一般大學,1015,世新大學,加拿大,北美洲,1,0,0
112,私立,一般大學,1015,世新大學,美國,北美洲,4,0,0
112,私立,一般大學,1015,世新大學,多明尼加共和國,中南美洲,1,0,0
112,私立,一般大學,1015,世新大學,墨西哥合眾國,中南美洲,1,0,0
112,私立,一般大學,1015,世新大學,巴西聯邦共和國,中南美洲,1,0,0
112,私立,一般大學,1015,世新大學,宏都拉斯共和國,中南美洲,1,0,0
112,私立,一般大學,1016,銘傳大學,馬來西亞,東協,19,12,1
112,私立,一般大學,1016,銘傳大學,菲律賓共和國,東協,7,0,0
112,私立,一般大學,1016,銘傳大學,泰國,東協,17,2,0
112,私立,一般大學,1016,銘傳大學,越南社會主義共和國,東協,30,4,0
112,私立,一般大學,1016,銘傳大學,印度尼西亞共和國,東協,5,1,0
112,私立,一般大學,1016,銘傳大學,印度,南亞,5,0,0
112,私立,一般大學,1016,銘傳大學,大陸地區,大陸地區,185,17,1
112,私立,一般大學,1016,銘傳大學,澳大利亞,其他亞洲地區,5,1,1
112,私立,一般大學,1016,銘傳大學,日本,其他亞洲地區,32,0,1
112,私立,一般大學,1016,銘傳大學,大韓民國(南韓),其他亞洲地區,25,3,0
112,私立,一般大學,1016,銘傳大學,土耳其共和國,其他亞洲地區,1,0,0
112,私立,一般大學,1016,銘傳大學,哈薩克共和國,其他亞洲地區,1,0,0
112,私立,一般大學,1016,銘傳大學,蒙古國,其他亞洲地區,6,2,0
112,私立,一般大學,1016,銘傳大學,俄羅斯聯邦,其他亞洲地區,2,0,0
112,私立,一般大學,1016,銘傳大學,喬治亞,其他亞洲地區,1,0,0
112,私立,一般大學,1016,銘傳大學,比利時王國,歐洲,1,0,0
112,私立,一般大學,1016,銘傳大學,芬蘭共和國,歐洲,1,0,0
112,私立,一般大學,1016,銘傳大學,愛爾蘭共和國,歐洲,1,0,0
112,私立,一般大學,1016,銘傳大學,西班牙王國,歐洲,1,0,0
112,私立,一般大學,1016,銘傳大學,瑞典王國,歐洲,1,0,0
112,私立,一般大學,1016,銘傳大學,英國,歐洲,10,4,0
112,私立,一般大學,1016,銘傳大學,奧地利共和國,歐洲,1,0,0
112,私立,一般大學,1016,銘傳大學,法國,歐洲,10,0,0
112,私立,一般大學,1016,銘傳大學,荷蘭王國,歐洲,2,0,0
112,私立,一般大學,1016,銘傳大學,波蘭共和國,歐洲,2,0,1
112,私立,一般大學,1016,銘傳大學,瑞士聯邦,歐洲,1,0,0
112,私立,一般大學,1016,銘傳大學,德意志聯邦共和國,歐洲,5,0,0
112,私立,一般大學,1016,銘傳大學,拉脫維亞共和國,歐洲,1,1,0
112,私立,一般大學,1016,銘傳大學,南非共和國,非洲,1,0,0
112,私立,一般大學,1016,銘傳大學,加拿大,北美洲,2,0,0
112,私立,一般大學,1016,銘傳大學,美國,北美洲,37,5,1
112,私立,一般大學,1016,銘傳大學,哥斯大黎加共和國,中南美洲,1,0,0
112,私立,一般大學,1016,銘傳大學,千里達及托巴哥共和國,中南美洲,1,0,0
112,私立,一般大學,1017,實踐大學,寮人民民主共和國(寮國),東協,1,0,0
112,私立,一般大學,1017,實踐大學,馬來西亞,東協,7,3,0
112,私立,一般大學,1017,實踐大學,菲律賓共和國,東協,6,0,0
112,私立,一般大學,1017,實踐大學,新加坡共和國,東協,2,0,0
112,私立,一般大學,1017,實踐大學,泰國,東協,17,3,0
112,私立,一般大學,1017,實踐大學,越南社會主義共和國,東協,4,0,0
112,私立,一般大學,1017,實踐大學,柬埔寨王國,東協,1,0,0
112,私立,一般大學,1017,實踐大學,印度尼西亞共和國,東協,15,3,0
112,私立,一般大學,1017,實踐大學,孟加拉人民共和國,南亞,1,0,0
112,私立,一般大學,1017,實踐大學,印度,南亞,1,0,0
112,私立,一般大學,1017,實踐大學,大陸地區,大陸地區,65,0,0
112,私立,一般大學,1017,實踐大學,澳大利亞,其他亞洲地區,5,2,0
112,私立,一般大學,1017,實踐大學,紐西蘭,其他亞洲地區,3,0,0
112,私立,一般大學,1017,實踐大學,蒙古國,其他亞洲地區,1,0,0
112,私立,一般大學,1017,實踐大學,以色列,其他亞洲地區,2,0,0
112,私立,一般大學,1017,實踐大學,日本,其他亞洲地區,32,4,3
112,私立,一般大學,1017,實踐大學,大韓民國(南韓),其他亞洲地區,18,2,0
112,私立,一般大學,1017,實踐大學,土耳其共和國,其他亞洲地區,3,0,0
112,私立,一般大學,1017,實踐大學,阿拉伯聯合大公國,其他亞洲地區,1,0,0
112,私立,一般大學,1017,實踐大學,俄羅斯聯邦,其他亞洲地區,1,0,0
112,私立,一般大學,1017,實踐大學,奧地利共和國,歐洲,2,0,0
112,私立,一般大學,1017,實踐大學,捷克共和國,歐洲,4,0,0
112,私立,一般大學,1017,實踐大學,丹麥王國,歐洲,1,0,0
112,私立,一般大學,1017,實踐大學,義大利共和國,歐洲,8,0,0
112,私立,一般大學,1017,實踐大學,荷蘭王國,歐洲,4,1,0
112,私立,一般大學,1017,實踐大學,波蘭共和國,歐洲,2,0,0
112,私立,一般大學,1017,實踐大學,羅馬尼亞,歐洲,1,0,0
112,私立,一般大學,1017,實踐大學,西班牙王國,歐洲,7,1,0
112,私立,一般大學,1017,實踐大學,瑞士聯邦,歐洲,5,1,0
112,私立,一般大學,1017,實踐大學,英國,歐洲,9,3,0
112,私立,一般大學,1017,實踐大學,斯洛維尼亞共和國,歐洲,1,0,0
112,私立,一般大學,1017,實踐大學,比利時王國,歐洲,2,0,0
112,私立,一般大學,1017,實踐大學,芬蘭共和國,歐洲,1,0,0
112,私立,一般大學,1017,實踐大學,法國,歐洲,7,0,0
112,私立,一般大學,1017,實踐大學,匈牙利共和國,歐洲,1,1,0
112,私立,一般大學,1017,實踐大學,瑞典王國,歐洲,2,0,0
112,私立,一般大學,1017,實踐大學,德意志聯邦共和國,歐洲,6,1,0
112,私立,一般大學,1017,實踐大學,南非共和國,非洲,2,1,0
112,私立,一般大學,1017,實踐大學,加拿大,北美洲,2,0,0
112,私立,一般大學,1017,實踐大學,美國,北美洲,40,7,1
112,私立,一般大學,1017,實踐大學,哥斯大黎加共和國,中南美洲,1,0,0
112,私立,一般大學,1017,實踐大學,墨西哥合眾國,中南美洲,1,0,0
112,私立,一般大學,1017,實踐大學,秘魯共和國,中南美洲,1,0,0
112,私立,技專校院,1018,朝陽科技大學,馬來西亞,東協,1,5,0
112,私立,技專校院,1018,朝陽科技大學,泰國,東協,0,0,0
112,私立,技專校院,1018,朝陽科技大學,緬甸,東協,0,0,0
112,私立,技專校院,1018,朝陽科技大學,印度尼西亞共和國,東協,0,0,0
112,私立,技專校院,1018,朝陽科技大學,新加坡共和國,東協,0,0,0
112,私立,技專校院,1018,朝陽科技大學,越南社會主義共和國,東協,0,2,0
112,私立,技專校院,1018,朝陽科技大學,印度,南亞,0,0,0
112,私立,技專校院,1018,朝陽科技大學,尼泊爾聯邦民主共和國,南亞,0,0,0
112,私立,技專校院,1018,朝陽科技大學,大陸地區,大陸地區,2,0,0
112,私立,技專校院,1018,朝陽科技大學,伊朗伊斯蘭共和國,其他亞洲地區,0,0,0
112,私立,技專校院,1018,朝陽科技大學,黎巴嫩共和國,其他亞洲地區,0,0,0
112,私立,技專校院,1018,朝陽科技大學,烏克蘭,其他亞洲地區,0,0,0
112,私立,技專校院,1018,朝陽科技大學,巴勒斯坦,其他亞洲地區,0,0,0
112,私立,技專校院,1018,朝陽科技大學,俄羅斯聯邦,其他亞洲地區,1,0,0
112,私立,技專校院,1018,朝陽科技大學,日本,其他亞洲地區,1,2,0
112,私立,技專校院,1018,朝陽科技大學,大韓民國(南韓),其他亞洲地區,0,1,0
112,私立,技專校院,1018,朝陽科技大學,沙烏地阿拉伯王國,其他亞洲地區,0,0,0
112,私立,技專校院,1018,朝陽科技大學,土耳其共和國,其他亞洲地區,0,0,0
112,私立,技專校院,1018,朝陽科技大學,阿拉伯聯合大公國,其他亞洲地區,0,0,0
112,私立,技專校院,1018,朝陽科技大學,蒙古國,其他亞洲地區,1,0,0
112,私立,技專校院,1018,朝陽科技大學,法國,歐洲,0,0,0
112,私立,技專校院,1018,朝陽科技大學,希臘共和國,歐洲,0,0,0
112,私立,技專校院,1018,朝陽科技大學,西班牙王國,歐洲,0,0,0
112,私立,技專校院,1018,朝陽科技大學,瑞典王國,歐洲,1,0,0
112,私立,技專校院,1018,朝陽科技大學,德意志聯邦共和國,歐洲,0,1,0
112,私立,技專校院,1018,朝陽科技大學,義大利共和國,歐洲,0,0,0
112,私立,技專校院,1018,朝陽科技大學,英國,歐洲,0,3,0
112,私立,技專校院,1018,朝陽科技大學,埃及阿拉伯共和國,非洲,0,0,0
112,私立,技專校院,1018,朝陽科技大學,摩洛哥王國,非洲,0,0,0
112,私立,技專校院,1018,朝陽科技大學,南非共和國,非洲,0,0,0
112,私立,技專校院,1018,朝陽科技大學,美國,北美洲,0,1,0
112,私立,技專校院,1018,朝陽科技大學,加拿大,北美洲,0,0,0
112,私立,技專校院,1018,朝陽科技大學,阿根廷,中南美洲,0,0,0
112,私立,技專校院,1018,朝陽科技大學,厄瓜多共和國,中南美洲,0,0,0
112,私立,一般大學,1019,高雄醫學大學,越南社會主義共和國,東協,8,0,0
112,私立,一般大學,1019,高雄醫學大學,馬來西亞,東協,3,0,0
112,私立,一般大學,1019,高雄醫學大學,菲律賓共和國,東協,5,0,0
112,私立,一般大學,1019,高雄醫學大學,泰國,東協,4,2,0
112,私立,一般大學,1019,高雄醫學大學,印度尼西亞共和國,東協,11,0,0
112,私立,一般大學,1019,高雄醫學大學,巴基斯坦,南亞,2,0,0
112,私立,一般大學,1019,高雄醫學大學,印度,南亞,10,0,0
112,私立,一般大學,1019,高雄醫學大學,香港,港澳,3,0,0
112,私立,一般大學,1019,高雄醫學大學,大陸地區,大陸地區,17,0,0
112,私立,一般大學,1019,高雄醫學大學,澳大利亞,其他亞洲地區,2,1,0
112,私立,一般大學,1019,高雄醫學大學,索羅門群島,其他亞洲地區,1,0,0
112,私立,一般大學,1019,高雄醫學大學,以色列,其他亞洲地區,1,0,0
112,私立,一般大學,1019,高雄醫學大學,大韓民國(南韓),其他亞洲地區,5,0,0
112,私立,一般大學,1019,高雄醫學大學,蒙古國,其他亞洲地區,0,0,2
112,私立,一般大學,1019,高雄醫學大學,日本,其他亞洲地區,33,0,0
112,私立,一般大學,1019,高雄醫學大學,芬蘭共和國,歐洲,1,0,0
112,私立,一般大學,1019,高雄醫學大學,法國,歐洲,1,1,0
112,私立,一般大學,1019,高雄醫學大學,匈牙利共和國,歐洲,1,1,1
112,私立,一般大學,1019,高雄醫學大學,英國,歐洲,1,0,0
112,私立,一般大學,1019,高雄醫學大學,捷克共和國,歐洲,1,0,0
112,私立,一般大學,1019,高雄醫學大學,挪威王國,歐洲,1,0,0
112,私立,一般大學,1019,高雄醫學大學,波蘭共和國,歐洲,1,0,0
112,私立,一般大學,1019,高雄醫學大學,西班牙王國,歐洲,1,0,0
112,私立,一般大學,1019,高雄醫學大學,瑞典王國,歐洲,1,1,0
112,私立,一般大學,1019,高雄醫學大學,德意志聯邦共和國,歐洲,1,0,1
112,私立,一般大學,1019,高雄醫學大學,埃及阿拉伯共和國,非洲,1,0,0
112,私立,一般大學,1019,高雄醫學大學,史瓦帝尼王國,非洲,1,0,0
112,私立,一般大學,1019,高雄醫學大學,南非共和國,非洲,1,0,0
112,私立,一般大學,1019,高雄醫學大學,加拿大,北美洲,1,0,0
112,私立,一般大學,1019,高雄醫學大學,美國,北美洲,19,2,1
112,私立,一般大學,1019,高雄醫學大學,墨西哥合眾國,中南美洲,1,0,0
112,私立,一般大學,1020,南華大學,馬來西亞,東協,6,2,0
112,私立,一般大學,1020,南華大學,菲律賓共和國,東協,9,0,0
112,私立,一般大學,1020,南華大學,泰國,東協,10,0,0
112,私立,一般大學,1020,南華大學,越南社會主義共和國,東協,21,1,0
112,私立,一般大學,1020,南華大學,柬埔寨王國,東協,4,0,0
112,私立,一般大學,1020,南華大學,印度尼西亞共和國,東協,28,0,0
112,私立,一般大學,1020,南華大學,緬甸,東協,1,0,0
112,私立,一般大學,1020,南華大學,斯里蘭卡民主社會主義共和國,南亞,1,0,0
112,私立,一般大學,1020,南華大學,印度,南亞,15,0,0
112,私立,一般大學,1020,南華大學,香港,港澳,1,0,0
112,私立,一般大學,1020,南華大學,大陸地區,大陸地區,97,0,0
112,私立,一般大學,1020,南華大學,澳大利亞,其他亞洲地區,2,1,0
112,私立,一般大學,1020,南華大學,日本,其他亞洲地區,5,0,0
112,私立,一般大學,1020,南華大學,大韓民國(南韓),其他亞洲地區,11,0,0
112,私立,一般大學,1020,南華大學,蒙古國,其他亞洲地區,5,0,0
112,私立,一般大學,1020,南華大學,紐西蘭,其他亞洲地區,1,0,0
112,私立,一般大學,1020,南華大學,波蘭共和國,歐洲,3,0,0
112,私立,一般大學,1020,南華大學,西班牙王國,歐洲,2,0,0
112,私立,一般大學,1020,南華大學,英國,歐洲,2,2,0
112,私立,一般大學,1020,南華大學,德意志聯邦共和國,歐洲,1,0,0
112,私立,一般大學,1020,南華大學,比利時王國,歐洲,2,0,0
112,私立,一般大學,1020,南華大學,匈牙利共和國,歐洲,1,0,0
112,私立,一般大學,1020,南華大學,義大利共和國,歐洲,2,0,0
112,私立,一般大學,1020,南華大學,馬拉威共和國,非洲,1,0,0
112,私立,一般大學,1020,南華大學,加拿大,北美洲,1,0,0
112,私立,一般大學,1020,南華大學,美國,北美洲,5,1,0
112,私立,一般大學,1020,南華大學,墨西哥合眾國,中南美洲,1,0,0
112,私立,一般大學,1020,南華大學,尼加拉瓜,中南美洲,1,0,0
112,私立,一般大學,1021,真理大學,馬來西亞,東協,5,1,0
112,私立,一般大學,1021,真理大學,菲律賓共和國,東協,5,0,0
112,私立,一般大學,1021,真理大學,泰國,東協,1,0,0
112,私立,一般大學,1021,真理大學,越南社會主義共和國,東協,5,0,0
112,私立,一般大學,1021,真理大學,印度尼西亞共和國,東協,23,0,0
112,私立,一般大學,1021,真理大學,澳門,港澳,1,0,0
112,私立,一般大學,1021,真理大學,大陸地區,大陸地區,12,0,0
112,私立,一般大學,1021,真理大學,澳大利亞,其他亞洲地區,1,0,0
112,私立,一般大學,1021,真理大學,日本,其他亞洲地區,14,1,0
112,私立,一般大學,1021,真理大學,大韓民國(南韓),其他亞洲地區,11,0,0
112,私立,一般大學,1021,真理大學,西班牙王國,歐洲,1,1,0
112,私立,一般大學,1021,真理大學,英國,歐洲,3,2,0
112,私立,一般大學,1021,真理大學,肯亞共和國,非洲,1,0,0
112,私立,一般大學,1021,真理大學,美國,北美洲,6,0,0
112,私立,一般大學,1022,大同大學,馬來西亞,東協,1,0,0
112,私立,一般大學,1022,大同大學,菲律賓共和國,東協,3,0,0
112,私立,一般大學,1022,大同大學,新加坡共和國,東協,1,0,0
112,私立,一般大學,1022,大同大學,泰國,東協,5,0,0
112,私立,一般大學,1022,大同大學,越南社會主義共和國,東協,4,1,0
112,私立,一般大學,1022,大同大學,印度尼西亞共和國,東協,27,0,0
112,私立,一般大學,1022,大同大學,印度,南亞,1,0,0
112,私立,一般大學,1022,大同大學,香港,港澳,1,0,0
112,私立,一般大學,1022,大同大學,大陸地區,大陸地區,65,0,0
112,私立,一般大學,1022,大同大學,日本,其他亞洲地區,10,1,0
112,私立,一般大學,1022,大同大學,澳大利亞,其他亞洲地區,2,1,0
112,私立,一般大學,1022,大同大學,大韓民國(南韓),其他亞洲地區,6,0,0
112,私立,一般大學,1022,大同大學,俄羅斯聯邦,其他亞洲地區,1,0,0
112,私立,一般大學,1022,大同大學,法國,歐洲,4,1,0
112,私立,一般大學,1022,大同大學,冰島共和國,歐洲,1,0,0
112,私立,一般大學,1022,大同大學,荷蘭王國,歐洲,1,0,0
112,私立,一般大學,1022,大同大學,奧地利共和國,歐洲,2,0,0
112,私立,一般大學,1022,大同大學,芬蘭共和國,歐洲,1,0,0
112,私立,一般大學,1022,大同大學,波蘭共和國,歐洲,4,0,0
112,私立,一般大學,1022,大同大學,西班牙王國,歐洲,2,0,0
112,私立,一般大學,1022,大同大學,英國,歐洲,3,1,0
112,私立,一般大學,1022,大同大學,德意志聯邦共和國,歐洲,4,1,0
112,私立,一般大學,1022,大同大學,美國,北美洲,21,2,0
112,私立,技專校院,1023,南臺學校財團法人南臺科技大學,馬來西亞,東協,3,0,1
112,私立,技專校院,1023,南臺學校財團法人南臺科技大學,菲律賓共和國,東協,14,0,4
112,私立,技專校院,1023,南臺學校財團法人南臺科技大學,泰國,東協,10,0,2
112,私立,技專校院,1023,南臺學校財團法人南臺科技大學,越南社會主義共和國,東協,23,0,2
112,私立,技專校院,1023,南臺學校財團法人南臺科技大學,印度尼西亞共和國,東協,28,0,4
112,私立,技專校院,1023,南臺學校財團法人南臺科技大學,新加坡共和國,東協,2,0,1
112,私立,技專校院,1023,南臺學校財團法人南臺科技大學,印度,南亞,10,0,3
112,私立,技專校院,1023,南臺學校財團法人南臺科技大學,大陸地區,大陸地區,29,0,0
112,私立,技專校院,1023,南臺學校財團法人南臺科技大學,澳大利亞,其他亞洲地區,4,1,3
112,私立,技專校院,1023,南臺學校財團法人南臺科技大學,紐西蘭,其他亞洲地區,1,0,0
112,私立,技專校院,1023,南臺學校財團法人南臺科技大學,日本,其他亞洲地區,30,6,7
112,私立,技專校院,1023,南臺學校財團法人南臺科技大學,大韓民國(南韓),其他亞洲地區,12,0,0
112,私立,技專校院,1023,南臺學校財團法人南臺科技大學,蒙古國,其他亞洲地區,1,0,0
112,私立,技專校院,1023,南臺學校財團法人南臺科技大學,丹麥王國,歐洲,1,0,0
112,私立,技專校院,1023,南臺學校財團法人南臺科技大學,羅馬尼亞,歐洲,1,0,0
112,私立,技專校院,1023,南臺學校財團法人南臺科技大學,西班牙王國,歐洲,1,0,0
112,私立,技專校院,1023,南臺學校財團法人南臺科技大學,英國,歐洲,3,0,0
112,私立,技專校院,1023,南臺學校財團法人南臺科技大學,克羅埃西亞共和國,歐洲,1,0,0
112,私立,技專校院,1023,南臺學校財團法人南臺科技大學,愛沙尼亞共和國,歐洲,1,0,0
112,私立,技專校院,1023,南臺學校財團法人南臺科技大學,奧地利共和國,歐洲,6,1,0
112,私立,技專校院,1023,南臺學校財團法人南臺科技大學,捷克共和國,歐洲,1,0,0
112,私立,技專校院,1023,南臺學校財團法人南臺科技大學,法國,歐洲,4,1,1
112,私立,技專校院,1023,南臺學校財團法人南臺科技大學,匈牙利共和國,歐洲,1,0,0
112,私立,技專校院,1023,南臺學校財團法人南臺科技大學,荷蘭王國,歐洲,1,0,0
112,私立,技專校院,1023,南臺學校財團法人南臺科技大學,波蘭共和國,歐洲,3,0,0
112,私立,技專校院,1023,南臺學校財團法人南臺科技大學,瑞士聯邦,歐洲,1,2,0
112,私立,技專校院,1023,南臺學校財團法人南臺科技大學,德意志聯邦共和國,歐洲,2,1,1
112,私立,技專校院,1023,南臺學校財團法人南臺科技大學,加拿大,北美洲,1,0,0
112,私立,技專校院,1023,南臺學校財團法人南臺科技大學,美國,北美洲,16,0,5
112,私立,技專校院,1023,南臺學校財團法人南臺科技大學,巴拉圭,中南美洲,1,0,0
112,私立,技專校院,1023,南臺學校財團法人南臺科技大學,秘魯共和國,中南美洲,2,0,0
112,私立,技專校院,1024,崑山科技大學,越南社會主義共和國,東協,8,0,1
112,私立,技專校院,1024,崑山科技大學,大韓民國(南韓),其他亞洲地區,1,0,0
112,私立,技專校院,1024,崑山科技大學,英國,歐洲,0,1,0
112,私立,技專校院,1025,嘉藥學校財團法人嘉南藥理大學,菲律賓共和國,東協,0,2,0
112,私立,技專校院,1025,嘉藥學校財團法人嘉南藥理大學,越南社會主義共和國,東協,0,1,0
112,私立,技專校院,1025,嘉藥學校財團法人嘉南藥理大學,泰國,東協,0,5,0
112,私立,技專校院,1025,嘉藥學校財團法人嘉南藥理大學,美國,北美洲,0,1,0
112,私立,技專校院,1026,樹德科技大學,馬來西亞,東協,1,0,1
112,私立,技專校院,1026,樹德科技大學,大陸地區,大陸地區,13,0,0
112,私立,技專校院,1026,樹德科技大學,英國,歐洲,0,1,0
112,私立,技專校院,1026,樹德科技大學,美國,北美洲,3,0,1
112,私立,一般大學,1027,慈濟學校財團法人慈濟大學,馬來西亞,東協,4,0,0
112,私立,一般大學,1027,慈濟學校財團法人慈濟大學,菲律賓共和國,東協,2,0,0
112,私立,一般大學,1027,慈濟學校財團法人慈濟大學,新加坡共和國,東協,1,0,0
112,私立,一般大學,1027,慈濟學校財團法人慈濟大學,泰國,東協,7,2,0
112,私立,一般大學,1027,慈濟學校財團法人慈濟大學,越南社會主義共和國,東協,6,0,0
112,私立,一般大學,1027,慈濟學校財團法人慈濟大學,印度尼西亞共和國,東協,1,0,0
112,私立,一般大學,1027,慈濟學校財團法人慈濟大學,緬甸,東協,1,0,0
112,私立,一般大學,1027,慈濟學校財團法人慈濟大學,印度,南亞,2,0,0
112,私立,一般大學,1027,慈濟學校財團法人慈濟大學,香港,港澳,1,0,0
112,私立,一般大學,1027,慈濟學校財團法人慈濟大學,大陸地區,大陸地區,11,0,0
112,私立,一般大學,1027,慈濟學校財團法人慈濟大學,日本,其他亞洲地區,6,0,0
112,私立,一般大學,1027,慈濟學校財團法人慈濟大學,大韓民國(南韓),其他亞洲地區,6,0,0
112,私立,一般大學,1027,慈濟學校財團法人慈濟大學,烏克蘭,其他亞洲地區,2,0,0
112,私立,一般大學,1027,慈濟學校財團法人慈濟大學,澳大利亞,其他亞洲地區,2,0,0
112,私立,一般大學,1027,慈濟學校財團法人慈濟大學,法國,歐洲,1,1,0
112,私立,一般大學,1027,慈濟學校財團法人慈濟大學,英國,歐洲,1,0,0
112,私立,一般大學,1027,慈濟學校財團法人慈濟大學,德意志聯邦共和國,歐洲,3,0,0
112,私立,一般大學,1027,慈濟學校財團法人慈濟大學,莫三比克共和國,非洲,1,0,0
112,私立,一般大學,1027,慈濟學校財團法人慈濟大學,加拿大,北美洲,3,0,0
112,私立,一般大學,1027,慈濟學校財團法人慈濟大學,美國,北美洲,4,0,0
112,私立,一般大學,1028,臺北醫學大學,馬來西亞,東協,2,0,0
112,私立,一般大學,1028,臺北醫學大學,新加坡共和國,東協,1,0,0
112,私立,一般大學,1028,臺北醫學大學,泰國,東協,6,0,0
112,私立,一般大學,1028,臺北醫學大學,印度尼西亞共和國,東協,9,1,0
112,私立,一般大學,1028,臺北醫學大學,菲律賓共和國,東協,1,0,0
112,私立,一般大學,1028,臺北醫學大學,越南社會主義共和國,東協,2,0,0
112,私立,一般大學,1028,臺北醫學大學,印度,南亞,1,0,0
112,私立,一般大學,1028,臺北醫學大學,香港,港澳,2,0,0
112,私立,一般大學,1028,臺北醫學大學,大陸地區,大陸地區,18,0,0
112,私立,一般大學,1028,臺北醫學大學,以色列,其他亞洲地區,1,0,0
112,私立,一般大學,1028,臺北醫學大學,科威特,其他亞洲地區,1,0,0
112,私立,一般大學,1028,臺北醫學大學,土耳其共和國,其他亞洲地區,1,0,0
112,私立,一般大學,1028,臺北醫學大學,蒙古國,其他亞洲地區,2,0,0
112,私立,一般大學,1028,臺北醫學大學,哈薩克共和國,其他亞洲地區,1,0,0
112,私立,一般大學,1028,臺北醫學大學,吉爾吉斯,其他亞洲地區,1,0,0
112,私立,一般大學,1028,臺北醫學大學,澳大利亞,其他亞洲地區,5,4,0
112,私立,一般大學,1028,臺北醫學大學,日本,其他亞洲地區,34,4,1
112,私立,一般大學,1028,臺北醫學大學,大韓民國(南韓),其他亞洲地區,6,0,1
112,私立,一般大學,1028,臺北醫學大學,捷克共和國,歐洲,1,0,0
112,私立,一般大學,1028,臺北醫學大學,葡萄牙共和國,歐洲,1,0,0
112,私立,一般大學,1028,臺北醫學大學,西班牙王國,歐洲,0,0,2
112,私立,一般大學,1028,臺北醫學大學,瑞典王國,歐洲,1,0,0
112,私立,一般大學,1028,臺北醫學大學,英國,歐洲,3,0,1
112,私立,一般大學,1028,臺北醫學大學,立陶宛共和國,歐洲,1,0,0
112,私立,一般大學,1028,臺北醫學大學,法國,歐洲,2,5,1
112,私立,一般大學,1028,臺北醫學大學,匈牙利共和國,歐洲,1,0,0
112,私立,一般大學,1028,臺北醫學大學,冰島共和國,歐洲,1,0,0
112,私立,一般大學,1028,臺北醫學大學,義大利共和國,歐洲,3,4,1
112,私立,一般大學,1028,臺北醫學大學,羅馬尼亞,歐洲,1,0,0
112,私立,一般大學,1028,臺北醫學大學,斯洛維尼亞共和國,歐洲,0,0,1
112,私立,一般大學,1028,臺北醫學大學,奈及利亞聯邦共和國,非洲,1,0,0
112,私立,一般大學,1028,臺北醫學大學,南非共和國,非洲,1,0,0
112,私立,一般大學,1028,臺北醫學大學,加拿大,北美洲,3,3,0
112,私立,一般大學,1028,臺北醫學大學,美國,北美洲,23,13,3
112,私立,一般大學,1029,中山醫學大學,馬來西亞,東協,1,0,0
112,私立,一般大學,1029,中山醫學大學,越南社會主義共和國,東協,3,0,0
112,私立,一般大學,1029,中山醫學大學,菲律賓共和國,東協,3,0,0
112,私立,一般大學,1029,中山醫學大學,泰國,東協,3,0,1
112,私立,一般大學,1029,中山醫學大學,印度,南亞,1,0,0
112,私立,一般大學,1029,中山醫學大學,澳門,港澳,1,0,0
112,私立,一般大學,1029,中山醫學大學,大陸地區,大陸地區,31,0,0
112,私立,一般大學,1029,中山醫學大學,澳大利亞,其他亞洲地區,1,0,0
112,私立,一般大學,1029,中山醫學大學,大韓民國(南韓),其他亞洲地區,1,0,0
112,私立,一般大學,1029,中山醫學大學,土耳其共和國,其他亞洲地區,1,0,0
112,私立,一般大學,1029,中山醫學大學,日本,其他亞洲地區,15,1,0
112,私立,一般大學,1029,中山醫學大學,俄羅斯聯邦,其他亞洲地區,1,0,0
112,私立,一般大學,1029,中山醫學大學,芬蘭共和國,歐洲,1,0,0
112,私立,一般大學,1029,中山醫學大學,奧地利共和國,歐洲,1,0,0
112,私立,一般大學,1029,中山醫學大學,法國,歐洲,1,0,0
112,私立,一般大學,1029,中山醫學大學,瑞士聯邦,歐洲,1,0,0
112,私立,一般大學,1029,中山醫學大學,斯洛伐克共和國,歐洲,1,0,0
112,私立,一般大學,1029,中山醫學大學,迦納共和國,非洲,1,0,0
112,私立,一般大學,1029,中山醫學大學,美國,北美洲,9,2,0
112,私立,技專校院,1030,龍華科技大學,泰國,東協,1,0,16
112,私立,技專校院,1030,龍華科技大學,越南社會主義共和國,東協,1,0,20
112,私立,技專校院,1030,龍華科技大學,印度,南亞,1,0,5
112,私立,技專校院,1030,龍華科技大學,日本,其他亞洲地區,1,0,1
112,私立,技專校院,1030,龍華科技大學,美國,北美洲,1,0,1
112,私立,技專校院,1031,輔英科技大學,越南社會主義共和國,東協,22,0,0
112,私立,技專校院,1031,輔英科技大學,馬來西亞,東協,8,0,0
112,私立,技專校院,1031,輔英科技大學,菲律賓共和國,東協,5,0,0
112,私立,技專校院,1031,輔英科技大學,新加坡共和國,東協,3,0,0
112,私立,技專校院,1031,輔英科技大學,泰國,東協,2,0,0
112,私立,技專校院,1031,輔英科技大學,印度尼西亞共和國,東協,117,0,0
112,私立,技專校院,1031,輔英科技大學,大陸地區,大陸地區,119,0,0
112,私立,技專校院,1031,輔英科技大學,澳大利亞,其他亞洲地區,2,0,0
112,私立,技專校院,1031,輔英科技大學,日本,其他亞洲地區,5,0,0
112,私立,技專校院,1031,輔英科技大學,大韓民國(南韓),其他亞洲地區,1,0,0
112,私立,技專校院,1031,輔英科技大學,加拿大,北美洲,3,0,0
112,私立,技專校院,1031,輔英科技大學,美國,北美洲,3,0,0
112,私立,技專校院,1032,明新學校財團法人明新科技大學,菲律賓共和國,東協,1,2,0
112,私立,技專校院,1032,明新學校財團法人明新科技大學,新加坡共和國,東協,1,0,0
112,私立,技專校院,1032,明新學校財團法人明新科技大學,帛琉共和國,其他亞洲地區,1,0,0
112,私立,技專校院,1032,明新學校財團法人明新科技大學,日本,其他亞洲地區,1,0,0
112,私立,技專校院,1032,明新學校財團法人明新科技大學,大韓民國(南韓),其他亞洲地區,1,0,0
112,私立,技專校院,1032,明新學校財團法人明新科技大學,法國,歐洲,0,0,0
112,私立,技專校院,1032,明新學校財團法人明新科技大學,美國,北美洲,1,0,0
112,私立,一般大學,1033,長榮大學,馬來西亞,東協,10,1,0
112,私立,一般大學,1033,長榮大學,菲律賓共和國,東協,15,0,0
112,私立,一般大學,1033,長榮大學,泰國,東協,4,0,0
112,私立,一般大學,1033,長榮大學,印度尼西亞共和國,東協,38,0,0
112,私立,一般大學,1033,長榮大學,越南社會主義共和國,東協,15,0,0
112,私立,一般大學,1033,長榮大學,印度,南亞,6,0,0
112,私立,一般大學,1033,長榮大學,孟加拉人民共和國,南亞,1,0,0
112,私立,一般大學,1033,長榮大學,香港,港澳,1,0,0
112,私立,一般大學,1033,長榮大學,大陸地區,大陸地區,10,0,0
112,私立,一般大學,1033,長榮大學,澳大利亞,其他亞洲地區,0,2,0
112,私立,一般大學,1033,長榮大學,紐西蘭,其他亞洲地區,1,0,0
112,私立,一般大學,1033,長榮大學,日本,其他亞洲地區,32,2,0
112,私立,一般大學,1033,長榮大學,大韓民國(南韓),其他亞洲地區,12,0,0
112,私立,一般大學,1033,長榮大學,捷克共和國,歐洲,1,0,0
112,私立,一般大學,1033,長榮大學,法國,歐洲,4,1,0
112,私立,一般大學,1033,長榮大學,波蘭共和國,歐洲,1,0,0
112,私立,一般大學,1033,長榮大學,西班牙王國,歐洲,1,0,0
112,私立,一般大學,1033,長榮大學,瑞士聯邦,歐洲,0,1,0
112,私立,一般大學,1033,長榮大學,德意志聯邦共和國,歐洲,3,0,0
112,私立,一般大學,1033,長榮大學,奧地利共和國,歐洲,1,0,0
112,私立,一般大學,1033,長榮大學,義大利共和國,歐洲,1,0,0
112,私立,一般大學,1033,長榮大學,坦尚尼亞聯合共和國,非洲,2,0,0
112,私立,一般大學,1033,長榮大學,史瓦帝尼王國,非洲,1,0,0
112,私立,一般大學,1033,長榮大學,美國,北美洲,12,2,0
112,私立,一般大學,1033,長榮大學,加拿大,北美洲,1,0,0
112,私立,技專校院,1034,弘光科技大學,馬來西亞,東協,1,0,0
112,私立,技專校院,1034,弘光科技大學,澳大利亞,其他亞洲地區,1,0,0
112,私立,技專校院,1034,弘光科技大學,日本,其他亞洲地區,3,2,0
112,私立,技專校院,1034,弘光科技大學,大韓民國(南韓),其他亞洲地區,5,0,0
112,私立,技專校院,1034,弘光科技大學,英國,歐洲,3,4,0
112,私立,技專校院,1034,弘光科技大學,加拿大,北美洲,1,0,0
112,私立,技專校院,1034,弘光科技大學,美國,北美洲,2,1,0
112,私立,一般大學,1035,中國醫藥大學,馬來西亞,東協,2,0,0
112,私立,一般大學,1035,中國醫藥大學,菲律賓共和國,東協,1,0,0
112,私立,一般大學,1035,中國醫藥大學,新加坡共和國,東協,5,0,0
112,私立,一般大學,1035,中國醫藥大學,泰國,東協,7,3,0
112,私立,一般大學,1035,中國醫藥大學,印度尼西亞共和國,東協,7,1,0
112,私立,一般大學,1035,中國醫藥大學,印度,南亞,3,1,0
112,私立,一般大學,1035,中國醫藥大學,澳門,港澳,1,0,0
112,私立,一般大學,1035,中國醫藥大學,香港,港澳,5,0,0
112,私立,一般大學,1035,中國醫藥大學,大陸地區,大陸地區,22,0,0
112,私立,一般大學,1035,中國醫藥大學,澳大利亞,其他亞洲地區,5,2,0
112,私立,一般大學,1035,中國醫藥大學,日本,其他亞洲地區,11,1,0
112,私立,一般大學,1035,中國醫藥大學,大韓民國(南韓),其他亞洲地區,8,0,0
112,私立,一般大學,1035,中國醫藥大學,羅馬尼亞,歐洲,1,0,0
112,私立,一般大學,1035,中國醫藥大學,英國,歐洲,2,0,0
112,私立,一般大學,1035,中國醫藥大學,立陶宛共和國,歐洲,1,1,0
112,私立,一般大學,1035,中國醫藥大學,美國,北美洲,20,4,0
112,私立,一般大學,1035,中國醫藥大學,巴西聯邦共和國,中南美洲,1,0,0
112,私立,技專校院,1036,健行學校財團法人健行科技大學,俄羅斯聯邦,其他亞洲地區,2,0,2
112,私立,技專校院,1037,正修學校財團法人正修科技大學,泰國,東協,1,0,1
112,私立,技專校院,1037,正修學校財團法人正修科技大學,日本,其他亞洲地區,1,0,2
112,私立,一般大學,1039,玄奘大學,馬來西亞,東協,3,0,0
112,私立,一般大學,1039,玄奘大學,新加坡共和國,東協,2,0,0
112,私立,一般大學,1039,玄奘大學,越南社會主義共和國,東協,1,0,0
112,私立,一般大學,1039,玄奘大學,澳門,港澳,2,0,0
112,私立,一般大學,1039,玄奘大學,大陸地區,大陸地區,59,0,0
112,私立,一般大學,1039,玄奘大學,日本,其他亞洲地區,9,0,0
112,私立,一般大學,1039,玄奘大學,大韓民國(南韓),其他亞洲地區,5,0,0
112,私立,一般大學,1039,玄奘大學,英國,歐洲,2,1,0
112,私立,一般大學,1039,玄奘大學,德意志聯邦共和國,歐洲,2,0,0
112,私立,一般大學,1039,玄奘大學,美國,北美洲,3,2,0
112,私立,技專校院,1040,建國科技大學,日本,其他亞洲地區,0,1,0
112,私立,技專校院,1041,明志科技大學,馬來西亞,東協,0,1,0
112,私立,技專校院,1041,明志科技大學,菲律賓共和國,東協,0,1,0
112,私立,技專校院,1041,明志科技大學,泰國,東協,0,2,0
112,私立,技專校院,1041,明志科技大學,越南社會主義共和國,東協,0,1,0
112,私立,技專校院,1041,明志科技大學,柬埔寨王國,東協,0,1,0
112,私立,技專校院,1041,明志科技大學,印度尼西亞共和國,東協,0,12,0
112,私立,技專校院,1041,明志科技大學,印度,南亞,0,5,0
112,私立,技專校院,1041,明志科技大學,法國,歐洲,0,4,0
112,私立,技專校院,1041,明志科技大學,希臘共和國,歐洲,0,1,0
112,私立,技專校院,1041,明志科技大學,西班牙王國,歐洲,0,2,0
112,私立,技專校院,1041,明志科技大學,美國,北美洲,0,4,0
112,私立,技專校院,1042,台鋼學校財團法人台鋼科技大學,柬埔寨王國,東協,0,1,0
112,私立,技專校院,1042,台鋼學校財團法人台鋼科技大學,美國,北美洲,1,0,1
112,私立,技專校院,1043,大仁科技大學,日本,其他亞洲地區,1,0,0
112,私立,技專校院,1045,嶺東科技大學,日本,其他亞洲地區,0,3,0
112,私立,技專校院,1045,嶺東科技大學,英國,歐洲,0,3,0
112,私立,技專校院,1046,中國科技大學,緬甸,東協,1,0,0
112,私立,技專校院,1046,中國科技大學,馬來西亞,東協,12,0,0
112,私立,技專校院,1046,中國科技大學,菲律賓共和國,東協,0,0,0
112,私立,技專校院,1046,中國科技大學,泰國,東協,0,0,0
112,私立,技專校院,1046,中國科技大學,越南社會主義共和國,東協,4,0,0
112,私立,技專校院,1046,中國科技大學,印度尼西亞共和國,東協,16,0,0
112,私立,技專校院,1046,中國科技大學,大陸地區,大陸地區,6,0,2
112,私立,技專校院,1046,中國科技大學,澳大利亞,其他亞洲地區,1,0,0
112,私立,技專校院,1046,中國科技大學,日本,其他亞洲地區,7,0,0
112,私立,技專校院,1046,中國科技大學,大韓民國(南韓),其他亞洲地區,3,0,0
112,私立,技專校院,1046,中國科技大學,法國,歐洲,0,0,0
112,私立,技專校院,1046,中國科技大學,瑞士聯邦,歐洲,1,0,0
112,私立,技專校院,1046,中國科技大學,賽普勒斯共和國,歐洲,1,0,0
112,私立,技專校院,1046,中國科技大學,美國,北美洲,7,2,0
112,私立,一般大學,1048,亞洲大學,馬來西亞,東協,3,0,0
112,私立,一般大學,1048,亞洲大學,菲律賓共和國,東協,3,0,0
112,私立,一般大學,1048,亞洲大學,泰國,東協,1,0,0
112,私立,一般大學,1048,亞洲大學,越南社會主義共和國,東協,11,2,0
112,私立,一般大學,1048,亞洲大學,印度尼西亞共和國,東協,56,54,0
112,私立,一般大學,1048,亞洲大學,印度,南亞,28,2,0
112,私立,一般大學,1048,亞洲大學,尼泊爾聯邦民主共和國,南亞,1,0,0
112,私立,一般大學,1048,亞洲大學,香港,港澳,1,0,0
112,私立,一般大學,1048,亞洲大學,日本,其他亞洲地區,9,0,0
112,私立,一般大學,1048,亞洲大學,大韓民國(南韓),其他亞洲地區,7,0,0
112,私立,一般大學,1048,亞洲大學,土耳其共和國,其他亞洲地區,1,0,0
112,私立,一般大學,1048,亞洲大學,澳大利亞,其他亞洲地區,1,0,0
112,私立,一般大學,1048,亞洲大學,紐西蘭,其他亞洲地區,1,0,0
112,私立,一般大學,1048,亞洲大學,蒙古國,其他亞洲地區,1,1,0
112,私立,一般大學,1048,亞洲大學,芬蘭共和國,歐洲,1,0,0
112,私立,一般大學,1048,亞洲大學,英國,歐洲,2,0,0
112,私立,一般大學,1048,亞洲大學,德意志聯邦共和國,歐洲,2,0,0
112,私立,一般大學,1048,亞洲大學,塞爾維亞共和國,歐洲,1,0,0
112,私立,一般大學,1048,亞洲大學,捷克共和國,歐洲,1,0,0
112,私立,一般大學,1048,亞洲大學,法國,歐洲,3,0,0
112,私立,一般大學,1048,亞洲大學,義大利共和國,歐洲,2,0,0
112,私立,一般大學,1048,亞洲大學,羅馬尼亞,歐洲,1,0,0
112,私立,一般大學,1048,亞洲大學,加拿大,北美洲,1,0,0
112,私立,一般大學,1048,亞洲大學,美國,北美洲,7,0,0
112,私立,一般大學,1049,開南大學,馬來西亞,東協,2,0,0
112,私立,一般大學,1049,開南大學,菲律賓共和國,東協,8,0,0
112,私立,一般大學,1049,開南大學,泰國,東協,3,0,0
112,私立,一般大學,1049,開南大學,越南社會主義共和國,東協,4,0,0
112,私立,一般大學,1049,開南大學,印度尼西亞共和國,東協,1,0,0
112,私立,一般大學,1049,開南大學,印度,南亞,2,0,0
112,私立,一般大學,1049,開南大學,大陸地區,大陸地區,50,0,0
112,私立,一般大學,1049,開南大學,澳大利亞,其他亞洲地區,1,0,0
112,私立,一般大學,1049,開南大學,日本,其他亞洲地區,53,2,0
112,私立,一般大學,1049,開南大學,大韓民國(南韓),其他亞洲地區,11,0,0
112,私立,一般大學,1049,開南大學,土耳其共和國,其他亞洲地區,1,0,0
112,私立,一般大學,1049,開南大學,俄羅斯聯邦,其他亞洲地區,1,0,0
112,私立,一般大學,1049,開南大學,帛琉共和國,其他亞洲地區,1,0,0
112,私立,一般大學,1049,開南大學,蒙古國,其他亞洲地區,1,0,0
112,私立,一般大學,1049,開南大學,烏茲別克共和國,其他亞洲地區,1,0,0
112,私立,一般大學,1049,開南大學,波蘭共和國,歐洲,1,0,0
112,私立,一般大學,1049,開南大學,英國,歐洲,1,0,0
112,私立,一般大學,1049,開南大學,克羅埃西亞共和國,歐洲,1,0,0
112,私立,一般大學,1049,開南大學,斯洛維尼亞共和國,歐洲,1,0,0
112,私立,一般大學,1049,開南大學,奧地利共和國,歐洲,2,0,0
112,私立,一般大學,1049,開南大學,義大利共和國,歐洲,1,0,0
112,私立,一般大學,1049,開南大學,立陶宛共和國,歐洲,1,0,0
112,私立,一般大學,1049,開南大學,美國,北美洲,8,1,0
112,私立,一般大學,1050,佛光大學,越南社會主義共和國,東協,1,0,0
112,私立,一般大學,1050,佛光大學,緬甸,東協,1,0,0
112,私立,一般大學,1050,佛光大學,印度尼西亞共和國,東協,46,0,0
112,私立,一般大學,1050,佛光大學,馬來西亞,東協,1,0,0
112,私立,一般大學,1050,佛光大學,菲律賓共和國,東協,3,0,0
112,私立,一般大學,1050,佛光大學,泰國,東協,7,0,0
112,私立,一般大學,1050,佛光大學,大陸地區,大陸地區,104,0,0
112,私立,一般大學,1050,佛光大學,日本,其他亞洲地區,5,0,0
112,私立,一般大學,1050,佛光大學,大韓民國(南韓),其他亞洲地區,11,1,0
112,私立,一般大學,1050,佛光大學,俄羅斯聯邦,其他亞洲地區,1,0,0
112,私立,一般大學,1050,佛光大學,比利時王國,歐洲,1,0,0
112,私立,一般大學,1050,佛光大學,德意志聯邦共和國,歐洲,1,0,0
112,私立,一般大學,1050,佛光大學,匈牙利共和國,歐洲,1,0,0
112,私立,一般大學,1050,佛光大學,波蘭共和國,歐洲,0,0,1
112,私立,一般大學,1050,佛光大學,美國,北美洲,7,2,0
112,私立,一般大學,1050,佛光大學,巴拉圭,中南美洲,2,0,0
112,私立,技專校院,1051,台南家專學校財團法人台南應用科技大學,馬來西亞,東協,0,0,0
112,私立,技專校院,1051,台南家專學校財團法人台南應用科技大學,泰國,東協,0,0,0
112,私立,技專校院,1051,台南家專學校財團法人台南應用科技大學,印度尼西亞共和國,東協,0,0,0
112,私立,技專校院,1051,台南家專學校財團法人台南應用科技大學,大陸地區,大陸地區,0,0,0
112,私立,技專校院,1051,台南家專學校財團法人台南應用科技大學,蒙古國,其他亞洲地區,0,1,0
112,私立,技專校院,1051,台南家專學校財團法人台南應用科技大學,日本,其他亞洲地區,1,0,0
112,私立,技專校院,1051,台南家專學校財團法人台南應用科技大學,大韓民國(南韓),其他亞洲地區,1,0,0
112,私立,技專校院,1051,台南家專學校財團法人台南應用科技大學,奧地利共和國,歐洲,0,0,0
112,私立,技專校院,1051,台南家專學校財團法人台南應用科技大學,法國,歐洲,0,0,0
112,私立,技專校院,1051,台南家專學校財團法人台南應用科技大學,義大利共和國,歐洲,0,0,0
112,私立,技專校院,1051,台南家專學校財團法人台南應用科技大學,德意志聯邦共和國,歐洲,0,0,0
112,私立,技專校院,1051,台南家專學校財團法人台南應用科技大學,瑞典王國,歐洲,0,0,0
112,私立,技專校院,1051,台南家專學校財團法人台南應用科技大學,英國,歐洲,0,3,0
112,私立,技專校院,1053,光宇學校財團法人元培醫事科技大學,馬來西亞,東協,20,0,0
112,私立,技專校院,1053,光宇學校財團法人元培醫事科技大學,菲律賓共和國,東協,10,0,4
112,私立,技專校院,1053,光宇學校財團法人元培醫事科技大學,泰國,東協,3,0,0
112,私立,技專校院,1053,光宇學校財團法人元培醫事科技大學,越南社會主義共和國,東協,10,0,0
112,私立,技專校院,1053,光宇學校財團法人元培醫事科技大學,印度尼西亞共和國,東協,54,0,0
112,私立,技專校院,1053,光宇學校財團法人元培醫事科技大學,日本,其他亞洲地區,0,0,4
112,私立,技專校院,1053,光宇學校財團法人元培醫事科技大學,大韓民國(南韓),其他亞洲地區,6,0,0
112,私立,技專校院,1053,光宇學校財團法人元培醫事科技大學,加拿大,北美洲,1,0,0
112,私立,技專校院,1054,景文科技大學,紐西蘭,其他亞洲地區,0,1,0
112,私立,技專校院,1054,景文科技大學,日本,其他亞洲地區,1,0,1
112,私立,技專校院,1054,景文科技大學,大韓民國(南韓),其他亞洲地區,1,0,1
112,私立,技專校院,1054,景文科技大學,英國,歐洲,0,2,0
112,私立,技專校院,1055,中華醫事科技大學,日本,其他亞洲地區,1,0,1
112,私立,技專校院,1057,德明財經科技大學,澳大利亞,其他亞洲地區,1,0,1
112,私立,技專校院,1057,德明財經科技大學,日本,其他亞洲地區,2,0,2
112,私立,技專校院,1057,德明財經科技大學,大韓民國(南韓),其他亞洲地區,0,1,0
112,私立,技專校院,1057,德明財經科技大學,英國,歐洲,0,2,0
112,私立,技專校院,1057,德明財經科技大學,美國,北美洲,1,3,0
112,私立,技專校院,1060,南開科技大學,美國,北美洲,0,1,0
112,私立,技專校院,1061,中華學校財團法人中華科技大學,日本,其他亞洲地區,1,0,0
112,私立,技專校院,1062,僑光科技大學,大陸地區,大陸地區,1,0,2
112,私立,技專校院,1062,僑光科技大學,英國,歐洲,0,1,0
112,私立,技專校院,1063,廣亞學校財團法人育達科技大學,大陸地區,大陸地區,1,0,0
112,私立,技專校院,1063,廣亞學校財團法人育達科技大學,大韓民國(南韓),其他亞洲地區,0,1,0
112,私立,技專校院,1063,廣亞學校財團法人育達科技大學,日本,其他亞洲地區,3,2,0
112,私立,技專校院,1064,美和學校財團法人美和科技大學,越南社會主義共和國,東協,4,0,0
112,私立,技專校院,1069,修平學校財團法人修平科技大學,日本,其他亞洲地區,0,2,0
112,私立,技專校院,1070,長庚學校財團法人長庚科技大學,新加坡共和國,東協,1,0,0
112,私立,技專校院,1070,長庚學校財團法人長庚科技大學,馬來西亞,東協,1,0,0
112,私立,技專校院,1070,長庚學校財團法人長庚科技大學,泰國,東協,1,0,0
112,私立,技專校院,1070,長庚學校財團法人長庚科技大學,澳大利亞,其他亞洲地區,2,1,0
112,私立,技專校院,1070,長庚學校財團法人長庚科技大學,日本,其他亞洲地區,1,0,0
112,私立,技專校院,1070,長庚學校財團法人長庚科技大學,加拿大,北美洲,1,0,0
112,私立,技專校院,1070,長庚學校財團法人長庚科技大學,美國,北美洲,7,1,0
112,私立,技專校院,1071,城市學校財團法人臺北城市科技大學,馬來西亞,東協,1,0,0
112,私立,技專校院,1071,城市學校財團法人臺北城市科技大學,越南社會主義共和國,東協,1,0,0
112,私立,技專校院,1071,城市學校財團法人臺北城市科技大學,日本,其他亞洲地區,3,3,0
112,私立,技專校院,1071,城市學校財團法人臺北城市科技大學,英國,歐洲,0,1,0
112,私立,技專校院,1071,城市學校財團法人臺北城市科技大學,美國,北美洲,0,1,0
112,私立,技專校院,1073,醒吾學校財團法人醒吾科技大學,日本,其他亞洲地區,1,0,2
112,私立,技專校院,1073,醒吾學校財團法人醒吾科技大學,大韓民國(南韓),其他亞洲地區,0,0,2
112,私立,技專校院,1075,文藻學校財團法人文藻外語大學,菲律賓共和國,東協,3,0,0
112,私立,技專校院,1075,文藻學校財團法人文藻外語大學,泰國,東協,2,0,0
112,私立,技專校院,1075,文藻學校財團法人文藻外語大學,印度尼西亞共和國,東協,3,1,0
112,私立,技專校院,1075,文藻學校財團法人文藻外語大學,大陸地區,大陸地區,5,0,0
112,私立,技專校院,1075,文藻學校財團法人文藻外語大學,澳大利亞,其他亞洲地區,1,0,0
112,私立,技專校院,1075,文藻學校財團法人文藻外語大學,日本,其他亞洲地區,39,1,7
112,私立,技專校院,1075,文藻學校財團法人文藻外語大學,俄羅斯聯邦,其他亞洲地區,0,1,0
112,私立,技專校院,1075,文藻學校財團法人文藻外語大學,大韓民國(南韓),其他亞洲地區,6,0,0
112,私立,技專校院,1075,文藻學校財團法人文藻外語大學,捷克共和國,歐洲,1,0,0
112,私立,技專校院,1075,文藻學校財團法人文藻外語大學,法國,歐洲,24,5,1
112,私立,技專校院,1075,文藻學校財團法人文藻外語大學,匈牙利共和國,歐洲,2,0,0
112,私立,技專校院,1075,文藻學校財團法人文藻外語大學,波蘭共和國,歐洲,1,0,0
112,私立,技專校院,1075,文藻學校財團法人文藻外語大學,英國,歐洲,7,7,1
112,私立,技專校院,1075,文藻學校財團法人文藻外語大學,比利時王國,歐洲,4,0,0
112,私立,技專校院,1075,文藻學校財團法人文藻外語大學,西班牙王國,歐洲,7,1,0
112,私立,技專校院,1075,文藻學校財團法人文藻外語大學,德意志聯邦共和國,歐洲,6,2,0
112,私立,技專校院,1075,文藻學校財團法人文藻外語大學,立陶宛共和國,歐洲,2,0,0
112,私立,技專校院,1075,文藻學校財團法人文藻外語大學,美國,北美洲,12,4,1
112,私立,技專校院,1078,致理學校財團法人致理科技大學,越南社會主義共和國,東協,3,0,0
112,私立,技專校院,1078,致理學校財團法人致理科技大學,大陸地區,大陸地區,6,0,0
112,私立,技專校院,1078,致理學校財團法人致理科技大學,日本,其他亞洲地區,2,0,0
112,私立,技專校院,1078,致理學校財團法人致理科技大學,愛爾蘭共和國,歐洲,0,1,0
112,私立,技專校院,1078,致理學校財團法人致理科技大學,英國,歐洲,2,1,0
112,私立,技專校院,1078,致理學校財團法人致理科技大學,美國,北美洲,3,1,0
112,私立,一般大學,1079,康寧學校財團法人康寧大學,馬來西亞,東協,2,0,0
112,私立,一般大學,1079,康寧學校財團法人康寧大學,越南社會主義共和國,東協,1,0,0
112,私立,一般大學,1079,康寧學校財團法人康寧大學,柬埔寨王國,東協,1,0,0
112,私立,一般大學,1079,康寧學校財團法人康寧大學,印度尼西亞共和國,東協,40,0,0
112,私立,一般大學,1079,康寧學校財團法人康寧大學,菲律賓共和國,東協,1,0,0
112,私立,一般大學,1079,康寧學校財團法人康寧大學,泰國,東協,2,0,0
112,私立,一般大學,1079,康寧學校財團法人康寧大學,大陸地區,大陸地區,15,0,0
112,私立,一般大學,1079,康寧學校財團法人康寧大學,大韓民國(南韓),其他亞洲地區,3,0,0
112,私立,一般大學,1079,康寧學校財團法人康寧大學,以色列,其他亞洲地區,2,0,0
112,私立,一般大學,1079,康寧學校財團法人康寧大學,日本,其他亞洲地區,1,0,0
112,私立,一般大學,1079,康寧學校財團法人康寧大學,美國,北美洲,3,0,0
112,私立,技專校院,1080,宏國學校財團法人宏國德霖科技大學,日本,其他亞洲地區,1,0,1
112,私立,技專校院,1080,宏國學校財團法人宏國德霖科技大學,美國,北美洲,1,0,1
112,私立,技專校院,1083,台北海洋學校財團法人台北海洋科技大學,大陸地區,大陸地區,1,0,0
112,私立,技專校院,1084,亞東學校財團法人亞東科技大學,馬來西亞,東協,1,0,0
112,私立,技專校院,1084,亞東學校財團法人亞東科技大學,越南社會主義共和國,東協,1,0,0
112,私立,技專校院,1084,亞東學校財團法人亞東科技大學,日本,其他亞洲地區,1,0,0
112,私立,一般大學,1125,中信學校財團法人中信金融管理學院,越南社會主義共和國,東協,2,0,0
112,私立,一般大學,1125,中信學校財團法人中信金融管理學院,印度尼西亞共和國,東協,4,1,0
112,私立,一般大學,1125,中信學校財團法人中信金融管理學院,馬來西亞,東協,1,0,0
112,私立,一般大學,1125,中信學校財團法人中信金融管理學院,菲律賓共和國,東協,4,0,0
112,私立,一般大學,1125,中信學校財團法人中信金融管理學院,泰國,東協,8,0,0
112,私立,一般大學,1125,中信學校財團法人中信金融管理學院,柬埔寨王國,東協,2,0,0
112,私立,一般大學,1125,中信學校財團法人中信金融管理學院,印度,南亞,3,0,0
112,私立,一般大學,1125,中信學校財團法人中信金融管理學院,大陸地區,大陸地區,3,0,0
112,私立,一般大學,1125,中信學校財團法人中信金融管理學院,日本,其他亞洲地區,4,1,0
112,私立,一般大學,1125,中信學校財團法人中信金融管理學院,大韓民國(南韓),其他亞洲地區,2,1,0
112,私立,一般大學,1125,中信學校財團法人中信金融管理學院,德意志聯邦共和國,歐洲,1,0,0
112,私立,一般大學,1125,中信學校財團法人中信金融管理學院,克羅埃西亞共和國,歐洲,1,0,0
112,私立,一般大學,1125,中信學校財團法人中信金融管理學院,斯洛伐克共和國,歐洲,1,0,0
112,私立,一般大學,1125,中信學校財團法人中信金融管理學院,法國,歐洲,2,2,0
112,私立,一般大學,1125,中信學校財團法人中信金融管理學院,義大利共和國,歐洲,1,0,0
112,私立,一般大學,1125,中信學校財團法人中信金融管理學院,羅馬尼亞,歐洲,1,0,0
112,私立,一般大學,1125,中信學校財團法人中信金融管理學院,英國,歐洲,4,2,0
112,私立,一般大學,1125,中信學校財團法人中信金融管理學院,美國,北美洲,3,0,0
112,私立,一般大學,1125,中信學校財團法人中信金融管理學院,墨西哥合眾國,中南美洲,1,0,0
112,私立,技專校院,1183,黎明技術學院,馬來西亞,東協,21,0,17
112,私立,技專校院,1183,黎明技術學院,泰國,東協,1,0,0
112,私立,技專校院,1183,黎明技術學院,印度尼西亞共和國,東協,10,0,0
112,私立,技專校院,1183,黎明技術學院,日本,其他亞洲地區,8,0,3
112,私立,一般大學,1195,馬偕學校財團法人馬偕醫學院,日本,其他亞洲地區,3,0,0
112,私立,一般大學,1195,馬偕學校財團法人馬偕醫學院,大韓民國(南韓),其他亞洲地區,1,0,0
112,私立,一般大學,1195,馬偕學校財團法人馬偕醫學院,蒙古國,其他亞洲地區,1,0,0
112,私立,一般大學,1195,馬偕學校財團法人馬偕醫學院,英國,歐洲,1,0,0
112,私立,一般大學,1195,馬偕學校財團法人馬偕醫學院,美國,北美洲,1,0,0
112,私立,一般大學,1196,法鼓學校財團法人法鼓文理學院,大陸地區,大陸地區,3,0,0
112,私立,一般大學,1196,法鼓學校財團法人法鼓文理學院,日本,其他亞洲地區,3,0,0
112,私立,一般大學,1196,法鼓學校財團法人法鼓文理學院,大韓民國(南韓),其他亞洲地區,3,0,0
112,私立,一般大學,1196,法鼓學校財團法人法鼓文理學院,挪威王國,歐洲,1,0,0
112,私立,一般大學,1196,法鼓學校財團法人法鼓文理學院,比利時王國,歐洲,1,1,0
112,私立,一般大學,1196,法鼓學校財團法人法鼓文理學院,匈牙利共和國,歐洲,1,0,0
112,私立,一般大學,1196,法鼓學校財團法人法鼓文理學院,義大利共和國,歐洲,1,0,0
112,私立,一般大學,1196,法鼓學校財團法人法鼓文理學院,英國,歐洲,1,0,0
112,私立,一般大學,1196,法鼓學校財團法人法鼓文理學院,德意志聯邦共和國,歐洲,1,0,0
112,私立,一般大學,1196,法鼓學校財團法人法鼓文理學院,美國,北美洲,7,0,0
112,私立,技專校院,1282,馬偕學校財團法人馬偕醫護管理專科學校,日本,其他亞洲地區,4,0,0
112,私立,技專校院,1284,樹人醫護管理專科學校,泰國,東協,1,0,0
112,私立,技專校院,1284,樹人醫護管理專科學校,大韓民國(南韓),其他亞洲地區,1,0,0
112,私立,技專校院,1291,聖母醫護管理專科學校,菲律賓共和國,東協,0,0,1
112,私立,技專校院,1291,聖母醫護管理專科學校,日本,其他亞洲地區,0,0,3
112,私立,技專校院,1293,崇仁醫護管理專科學校,菲律賓共和國,東協,1,0,0
112,私立,技專校院,1293,崇仁醫護管理專科學校,大陸地區,大陸地區,1,0,0
112,公立,一般大學,3002,臺北市立大學,越南社會主義共和國,東協,5,0,0
112,公立,一般大學,3002,臺北市立大學,馬來西亞,東協,5,1,0
112,公立,一般大學,3002,臺北市立大學,菲律賓共和國,東協,1,0,0
112,公立,一般大學,3002,臺北市立大學,新加坡共和國,東協,1,0,0
112,公立,一般大學,3002,臺北市立大學,泰國,東協,9,1,0
112,公立,一般大學,3002,臺北市立大學,印度尼西亞共和國,東協,4,0,0
112,公立,一般大學,3002,臺北市立大學,印度,南亞,3,0,0
112,公立,一般大學,3002,臺北市立大學,香港,港澳,3,0,0
112,公立,一般大學,3002,臺北市立大學,大陸地區,大陸地區,37,0,0
112,公立,一般大學,3002,臺北市立大學,伊朗伊斯蘭共和國,其他亞洲地區,2,0,0
112,公立,一般大學,3002,臺北市立大學,紐西蘭,其他亞洲地區,1,1,0
112,公立,一般大學,3002,臺北市立大學,大韓民國(南韓),其他亞洲地區,17,0,0
112,公立,一般大學,3002,臺北市立大學,土耳其共和國,其他亞洲地區,2,0,0
112,公立,一般大學,3002,臺北市立大學,哈薩克共和國,其他亞洲地區,1,1,0
112,公立,一般大學,3002,臺北市立大學,以色列,其他亞洲地區,1,0,0
112,公立,一般大學,3002,臺北市立大學,日本,其他亞洲地區,14,0,0
112,公立,一般大學,3002,臺北市立大學,蒙古國,其他亞洲地區,1,0,0
112,公立,一般大學,3002,臺北市立大學,俄羅斯聯邦,其他亞洲地區,3,0,0
112,公立,一般大學,3002,臺北市立大學,法國,歐洲,3,0,0
112,公立,一般大學,3002,臺北市立大學,義大利共和國,歐洲,4,0,0
112,公立,一般大學,3002,臺北市立大學,羅馬尼亞,歐洲,1,0,0
112,公立,一般大學,3002,臺北市立大學,英國,歐洲,5,1,0
112,公立,一般大學,3002,臺北市立大學,斯洛伐克共和國,歐洲,1,0,0
112,公立,一般大學,3002,臺北市立大學,捷克共和國,歐洲,2,0,0
112,公立,一般大學,3002,臺北市立大學,挪威王國,歐洲,1,0,0
112,公立,一般大學,3002,臺北市立大學,葡萄牙共和國,歐洲,1,0,0
112,公立,一般大學,3002,臺北市立大學,西班牙王國,歐洲,2,0,0
112,公立,一般大學,3002,臺北市立大學,瑞典王國,歐洲,1,0,0
112,公立,一般大學,3002,臺北市立大學,瑞士聯邦,歐洲,1,0,0
112,公立,一般大學,3002,臺北市立大學,德意志聯邦共和國,歐洲,1,0,0
112,公立,一般大學,3002,臺北市立大學,斯洛維尼亞共和國,歐洲,1,0,0
112,公立,一般大學,3002,臺北市立大學,南非共和國,非洲,1,0,0
112,公立,一般大學,3002,臺北市立大學,奈及利亞聯邦共和國,非洲,1,0,0
112,公立,一般大學,3002,臺北市立大學,加拿大,北美洲,1,0,0
112,公立,一般大學,3002,臺北市立大學,美國,北美洲,24,3,0
112,公立,一般大學,3002,臺北市立大學,墨西哥合眾國,中南美洲,1,0,0
112,公立,一般大學,3002,臺北市立大學,巴西聯邦共和國,中南美洲,2,0,0
112,公立,一般大學,3002,臺北市立大學,智利,中南美洲,1,0,0
112,公立,一般大學,3002,臺北市立大學,哥倫比亞共和國,中南美洲,1,0,0
112,公立,一般大學,3002,臺北市立大學,秘魯共和國,中南美洲,3,0,0
