學年度,設立別,學校類別,學校統計處代碼,學校名稱,當學年度全校總量內核定新生招生名額(A),當學年度全校新生保留入學資格人數(B),當學年度全校總量內新生招生核定名額之實際註冊人數(C),當學年度全校境外(新生)學生實際註冊人數(D),當學年度全校新生註冊率(％)E=〔(C+D)/(A-B+D)〕*100％,當學年度全校招生特色說明
111,公立,一般大學,0001,國立政治大學,4041,3,3968,459,98.44,本校是臺灣最具人文與社會科學特色之綜合大學，致力於國際化及多元文化環境下，以培育具備跨領域多元知能、兼具本土扎根與國際視野的人才為重要使命。2022年遠見雜誌企業最愛大學排行榜，本校名列第5名，2022年亞洲大學QS排名，本校再入百大且仍為國際交換生首選。本校推動低門檻修習雙輔修措施，另有學分學程、選修外系課程與ETP全英語課程供學生自主選修；與陽明大學、臺北藝術大學，簽訂學術合作，提供校際選課；2021年加入台聯大系統，與陽明交通大學、清華大學及中央大學整合資源，提供學生跨校選課及圖書資源。本校與全球 500 餘所知名大學簽署超過 800 多項合作協議，遍及五大洲，每年吸引 80 國超過 2300 名國際生來校就讀，並鼓勵師生出國交換進修及打造多語學習環境，本校全球傑出校友超過 10 萬人，於政府部門、企業界或藝術媒體界皆位居牛耳並具重要社會影響。
111,公立,一般大學,0002,國立清華大學,4589,36,4708,546,100.00,一、本校設有各類獎學金，特色獎學金如：還願獎學金、逐夢獎學金，兩者申請皆金額不限，申請不需成績優異、不限申請次數。二、本校致力開發多種跨領域學習課程，設30多個跨院系學分學程，提供更為多元化及客制化學習機會。三、本校在多項學術指標如：國內大學學術聲譽排名、理工學院聲譽排名、最佳研究所排名、國內企業最愛的大學生等評比上均名列前茅，為國內頂尖學府。2018年英國QS世界大學排名，本校躍升至161名，其排名各項指標表現為全國數一數二之成績。四、本校提供新生各管道入學之低收、中低收及特殊境遇家庭子女「旭日獎學金」，入學後得依相關要點提出申請，經審議通過後核發，獎學金每年申請一次，最多四年。五、本校致力推動全球化，目前本校簽有學術合作合約之大學／學術機構共計有220多所。在雙聯學位部分，本校有與瑞典林雪平大學、香港科技大學、大陸北京清華大學及英國利物浦大學等世界多所知名大學合作且陸續增加中。
111,公立,一般大學,0003,國立臺灣大學,8545,1,8535,861,99.90,"本校目前有16個學院(含進修推廣學院、共同教育中心、重點科技研究學院及2功能性學院)，以及牙醫、藥學、獸醫3個專業學院，計有58學系(含2學士學位學程)，146研究所(含34碩博學位學程)，另設約50個各學術領域之國際級、國家級與校級研究中心，是臺灣規模最大的綜合性大學。學生總人數今已達32,000餘人，其中學士班16,000餘人，研究生16,000餘人，比例接近一比一。各學院提供完整的知識地圖、豐富的圖書資源、先進的科技設備、暢通的學術鏈結，結合優美的校園環境，共同形成具有吸引力的教學研究環境。本校透過完整的學科領域與豐富多元的學術資源與設施，更鼓勵學生跨領域學習以開拓視野並具備終身學習的知能，在校際拓展姊妹校網絡及雙聯學位合作，並加強建構雙語教學環境。本校除了展現卓越的學術研究成果，也持續讓教學研究單位評鑑、教師評鑑、課程評鑑等制度與時俱進，務使學生能在最佳的環境學習成長。"
111,公立,一般大學,0004,國立臺灣師範大學,4171,53,3970,409,96.73,本校具有悠久的歷史，近年來已成功轉型為綜合型大學。2022年QS全球大學學科領域排名，共16個學科入榜，4個學科進入全球前百名，4項學科名列全國第1，包括教育、圖資、運動及音樂表藝學科，教育學科獲評為全球第26名，是全國各大學中最佳的名次。本校國際化方面，英國THE排名高居全國第一，現有393所姊妹校，學術合作備忘錄共計494件，遍及全球。  2021年本校榮獲教育部認證為全國四所雙語大學之一，校內成立「雙語教育推動辦公室」及「英文學術素養中心」專責推動單位，培養學生的專業英語能力。  本校鼓勵學生跨國、跨校、跨域學習，提供雙主修、輔系、學分學程、出國交換及修雙聯學位等學習機會；更與臺灣大學、臺灣科技大學成立「國立臺灣大學系統」，讓三校學生可以跨校選課及互修學程、輔系、雙主修，建構資源共享的三校生活圈。每學期達4千人次以上進行跨域學習，培養學生多元跨域整合人才。
111,公立,一般大學,0005,國立成功大學,6367,18,6376,550,100.00,本校秉持「窮理致知」校訓，豐厚累積產業及國家經濟發展所需的專業人才，因此素有「企業最愛大學」封號。除了人社丶理工丶生醫等深廣專業學術課程外，成大亦開創多元彈性的學習制度及模式，導入議題導向及終身學習，培養未來所需的跨域實踐能力及素養，全方位支持學生學習，並積極回應從在地到國際的全方位人才需求。全校逾3成系所提供英文授課課程滿足學生畢業需求，提供38國264項交換學生及41項跨國雙學位合作計畫超過1000個交換學生名額，致力營造跨越界限的在地國際化世界校園，使學生透過參與海外交換學生、移地教學、短期研究實習、國際學生接待義工、國際工作營、論壇及志工等校內外國際化課程與措施，除追求專業知識能力，同時建立在地文化的自我認同並延伸至全球意識課題，涉獵多元文化，涵養自身競爭力，與國際接軌。
111,公立,一般大學,0006,國立中興大學,4439,0,4439,184,100.00,國立中興大學創校已近百年，培育出無數傑出人才，為國內少數歷史悠久、根基深厚且師資優秀的綜合型大學。本校設有文、農業暨自然資源、理、工、生命科學、獸醫、管理、法政、電資和醫學院等十大學院，以及提供給社會人士進修的創新產業暨國際學院。另設有生物科技發展中心、奈米科技中心、環境保育暨防災科技研究中心、先端產業暨精密製程中心、人文與社會科學研究中心、產學智財營運中心等中心。除校本部外，另有總面積達8千餘公頃之惠蓀、新化、東勢、文山等4大實驗林場、獸醫醫院、農業及動物試驗場等教學研究設施。中興大學以「培育兼具人文與科學素養、溝通與創新能力、國際視野與社會關懷之菁英人才」為教育目標，在農業科學、植物與動物科學、工程、材料科學、電腦科學、化學、生物與生化、臨床醫學、環境/生態學、藥理學與毒理學、一般社會科學11大領域，名列基本科學指標（ESI）全球前1%，且為中台灣唯一頂尖大學。
111,公立,一般大學,0007,國立陽明交通大學,5503,9,5512,344,100.00,國立陽明交通大學為國立陽明大學與國立交通大學於2021年2月1日合併成立。    陽明校區作為醫學教育改革的先驅者，紮實培育新世代醫牙藥護、生命科學、生醫工程、醫學人文等專業與尖端研究領域之優秀人才，在高齡長照、腫瘤、腦科學、醫學工程等已有深厚基礎，在全球醫療領域有領先地位，和臺北榮民總醫院有長期合作，位於宜蘭的附設醫院也積極挑戰成為全方位的醫學中心。    交大校區在電子、資通訊與管理、科學與工程等領域為台灣領導者，為台灣半導體及科技產業培養優秀人才，並在二十年前即確立發展生醫領域之目標，包含生醫資訊、生醫材料、生醫電子、生醫科學等，期能橫跨電資通訊與生醫，為我國開拓生醫科技產業之先驅；2018 年更由千名校友捐款興建落成「前瞻跨領域生醫工程大樓賢齊館」，宣誓將交大打造成台灣生醫工程的前瞻研發基地，再創生醫電資工程 BioICT 里程碑。
111,公立,一般大學,0008,國立中央大學,3721,4,3771,124,100.00,中央大學設有文、理、工、管理、資訊電機、地球科學、客家、生醫理工，共8所學院，大學部27個系組、5個院學士班；研究所48個碩士班、4個碩士學位學程、22個碩士在職專班，以及49個博士班組、6個博士學位學程，是一所科學、人文薈萃的綜合大學。目前學生人數約1萬2000人，大學生與研究生比例約1：1。  在教學特色方面，啟動第二專長制及建立跨領域學分學程，強化學生競爭力，塑造中大π型人，並設有雙聯學位、交換學生計畫、語言文化課程、暑期實習等以培養學生國際移動力，以及與清大、陽明交通大學、政治大學共組台灣聯合大學系統，整合教育、研究、行政及圖書等豐富多元的教學資源。  在學習及生活資源方面，保障大一新生100%住宿、設有課後輔導機制、不定期舉辦展演活動、每學期提供約有150項校內外獎助學金申請，以及多項清寒補助等助學措施。
111,公立,一般大學,0009,國立中山大學,2982,8,2940,192,98.93,本校獲選「重點培育雙語大學」，鄭英耀校長致力打造雙語校園環境，整合全校各單位資源以建置學生學習及教師教學的EMI教學支援系統。本校自110學年度起已有7學系開設全英語專班，目標在2030年全校所有學系皆設有全英班。西灣學院亦新設「全英語卓越教學中心」，協助學生規劃學習跨學科議題和探究方法，全面提升英語閱讀、寫作、科學、分析、批判性思維及溝通技能，增進國際觀與職前實務經驗。  本校以「讓生命在中山轉彎」為宗旨，堅守人本關懷的教育價值，以追求學術卓越、促進社會流動為發展方向，訂定「培育具前瞻思維領導菁英，促進社會流動」、「創造卓越學術價值，提升國際學術競合力」及「引領區域升級發展動能，創建社會與經濟福祉」三大目標。未來，我們將秉持這份信念與對社會的責任，使中山大學成為莘莘學子嚮往，優秀人才聚集的學府，在不斷挑戰、蛻變、躍升之際，擔當起南台灣學術、文化、人才培育及產業發展的發動機。
111,公立,一般大學,0012,國立臺灣海洋大學,2623,1,2380,160,91.30,本校位於大臺北地區之基隆市，有獨特的龍崗生態園區與雨水公園，學術氛圍、生活機能與學習環境極優。本校設有7個學院、22個學系、11個獨立研究所、27個碩士班、19個博士班、13個碩士在職專班、4個進修學士班與師培中心，另設有商船及輪機學士後多元專長培力課程專班。海洋的領域浩瀚，本校不論是海洋海事水產、海洋工程（如離岸風電）、航運管理、輪機造船、海洋觀光休閒與文創、海洋探勘與考古、海洋生物、環境保育以及海洋法律等，從科技到人文領域，本校都有足夠資源，讓同學成為各個海洋專業領域的翹楚。本校辦學績優，不僅獲Cheers雜誌評選為「TOP20」辦學績優學校及「TOP30」企業最愛大學畢業生，2023年英國泰晤士高等教育（THE）世界大學排名全球1001至1200區間、全國排名第12名，也連續榮獲教育部「高等教育深耕計畫」經費補助，為全球最具完整海洋特色且大學排名最前面之「國際化的頂尖海洋高等學府」。
111,公立,一般大學,0013,國立中正大學,3404,1,3248,106,95.58,本校的願景為建立培育頂尖人才、豐富人類知識、造福世界的一流大學。創校30多年來，秉持積極創新、修德澤人的校訓，推崇學術自由，兼重理工科技與人文社會，貫徹理論與實務，落實產官學研合作，並且鼓勵師生追求理想實現抱負。作為雲嘉地區指標性的綜合型大學，本校擁有文、理、社科、工、管理、法、教育等7個學院，以及前瞻製造、高齡研究、國家政策研究、奈米生物檢測等4個特色研究中心。強調全球化、數位化，國際化、未來醫學、淨零碳排、智慧科技、資訊安全、社會影響力等特色，並透過跨域雙語人才培育，發展前瞻研究，創新教學思維，整合理念、制度、教學及學習環境等配套措施，以培養學生具備專業能力及因應未來的關鍵能力。本校鼓勵師生追求能夠解決問題的創新能力，激勵學生在學期間即著手創業，加大延攬國際人才，積極拓展國際研究契機，期能培育與新世代接軌並能有卓越貢獻的新世代人才。歡迎勇於創新、立志造福人群的青年才俊加入國立中正大學。
111,公立,一般大學,0014,國立高雄師範大學,1927,1,1797,46,93.46,一、定期製作校務成果簡報展現師生優質表現，設置媒體專區提升校務治理成效之能見度，爭取利害關係人之認同，提升學校聲譽，獲得社會大眾瞭解與肯定。二、重視與各招生管道的連結，學士班強化與高中端交流，積極到各高中宣傳，亦主動針對高中生書審資料及面試準備提供諮詢建議，以提高對本校的認同與辦學信心。碩、博士班招生除了至各公私立大學、補習班、產學界、社區積極宣傳，更積極辦理招生說明會、經營網路社群平台與粉絲團；定期舉辦校友聯誼，透過校友團隊力量為本校爭取更多潛在生源。三、為落實扶助弱勢的高教公共性精神，除開設原住民專班，並積極於招生場域宣導弱勢助學措施、透過入學管道優先錄取弱勢學生、報名費優待等，具體強化弱勢助學措施。四、針對國際生，積極參加越南、港、澳等地教育展，南向進行馬來亞西、印尼、印度、泰國之招生拓點計畫，並以獎學金、學雜費減免或住宿費減免、企業實習、全英授課及博士班招生等，吸引外國學生就讀。
111,公立,一般大學,0015,國立彰化師範大學,2399,1,2319,106,96.85,本校除了建立師範菁英教育體系及培育優秀中學師資之外，更均衡發展七個學院，創造多元豐富之學術領域，且在人文社會與科技產業各層面積極發揮影響力。本校以優質的師資、設備與適性的學術氛圍，致力啟發學生潛能並培育多元專業能力，使其成為國家中堅人才。為了打造優質的大學校園，近年來積極進行校園之軟硬體建設，讓學生能在優質校園環境的薰陶之下，徜徉於自由學術園地，建立專業與自信，為未來的圓滿人生奠立良好基礎。本校除了注重培育學生兼具品德與跨領域的專業素養之外，更積極形塑人文與科技並重的校園文化，在追求知識與體能均衡發展的同時，兼顧傳統與創新，以及生命的關懷與圓滿。未來亦將持續秉持「務實、行動、效能」之精神，致力於校園建設，以培養學生的專業能力與品德為最高之教育願景！
111,公立,一般大學,0017,國立臺北大學,2633,2,2491,125,94.92,本校前身為臺灣省立地方行政專科學校，創立於1949年，為戰後最早設立的大學。後經歷省立法商學院、中興大學法商學院等階段，於2000年改制為國立臺北大學。目前有法律、商學、公共事務、社會科學、人文、電機資訊與永續創新國際7學院；法律、企管、會計、統計、金融與合作經營、休閒運動管理、公共行政暨政策、財政、不動產與城鄉環境、經濟、社會學、社會工作、中文、應用外語、歷史、電機工程、資訊工程、通訊工程等18學系。另有師資培育中心、通識中心、以及全球變遷與永續科學研究中心、財政暨金融研究中心、海山學研究中心、亞洲暨泛太平洋地區研究中心、大數據與智慧城市研究中心等學術單位。本校為臺北聯合大學系統成員之一，師資陣容堅強，教學認真卓越，積極推動學生修讀輔系、雙主修跨領域學習，培養國家高級文官與企業高階領導管理人才，被評選為對臺灣社會最有貢獻的大學。
111,公立,一般大學,0018,國立嘉義大學,3446,22,2808,86,82.45,本校為綜合型大學，設有師範、人文、管理、農業、理工、生命科學及獸醫等7個學院，40個學系組，學術專長領域多元且涵 蓋教育、人文、科技、農業、動物醫學、生活管理等廣大面向。各學院分別座落於民雄、蘭潭及新民校區，各校區皆提供學生宿舍，並保障大一新生優先居住，且嘉義生活美食甲臺灣，衣食住行均方便，生活機能完善，同學可在優質的環境中學習成長。在教學方面，建構以學生學習成效為導向的教學品保制度，由「教師本位」走向「學生本位」，融合全人教育理念，推動教學品質保證制度，於師資安排、課程設計、學生學習、資源挹注 各層面強化精進，以提供學生良好的教學品質，學生可習得特定專長領域並可跨領域輔修。本校校地廣闊，基礎硬體建設完善，建構師生優質學習、教學、研究及活動所需空間，充實資訊科技、圖書儀器、運動、住宿環境、藝文空間的軟硬體設備，大幅擴充整體教育資源，提供師生優質的研究與學習環境
111,公立,一般大學,0019,國立高雄大學,1580,3,1487,50,94.47,一、願景：提供全人教育之環境並配合產業發展，培育菁英人才之特色優質大學，並持續朝具國際聲望之特色型大學邁進。  二、優質學習環境：執行教育部高教深耕計畫鏈結「聯合國17項永續發展目標（SDGs）」，2019獲英國泰晤士高等教育發布「世界大學影響力排名（University Impact Ranking）」，多項永續發展目標的影響力排名中，搶進全球百大之內。提供跨領域學程或5年取得學士+碩士方案；2012遠見雜誌最具研究潛力大學全國第8；2022《Cheers》主辦「2000大企業最愛大學生」調查中，勇奪「公立一般中型大學」榜首，除了體現畢業生本職學能獲得企業主青睞，也是對本校積極推動學用合一、鏈結產業與社會的成績給予肯定。  三、國際化教育環境：與全球約150餘所大學建立姊妹校關係，提供申請海外短期研修獎學金。鼓勵學生至日、韓、越、歐美、大陸等企業進行海外實習，強化未來就業競爭力。
111,公立,一般大學,0020,國立東華大學,2606,100,2163,245,87.53,本校目前有人文社會科學學院、理工學院、管理學院、原住民民族學院、花師教育學院、藝術學院、環境暨海洋學院及洄瀾學院等八大學院，涵蓋領域廣泛，並且擁有學士班、碩士班、碩士在職專班及博士班完整學制，提供學生學習深度、廣度的機會及空間。在資訊科技瞬息萬變、國際情勢牽一髮動全局的新世紀，物流趨向、經濟管理已朝全球運籌方向發展，自然資源的維護與管理亦是刻不容緩，東華不但以永續經營的理念、資源整合的方式培養具有國際視野的人才，也結合地方特色、研究在地產業，舉凡石材、生物科技、電腦軟體、港區產業、觀光休閒以及東部人力資源等，兼具地域特性與時代趨勢的研究方向，正是東華躋身國際學術主流的籌碼。
111,公立,一般大學,0021,國立暨南國際大學,1568,2,1438,167,92.61,國立暨南國際大學位於臺灣地理中心南投縣埔里鎮，四周層巒疊翠視野開闊，校地面積150公頃，國道六號通車往返學校便捷。目前設有人文、教育、管理、科技四學院，計有25個學士班（組）、27個碩士班（組）、8個碩士在職專班、15個博士班（組）。本校設校時訂定強化人才培育、增進僑教功能平衡區域發展、推廣國際學術交流為發展目標。設校之初，優先設置東南亞研究中心，積極推展僑教任務與國際學術交流，打造國際化大學特色;嗣後，積極省思大學在地社會責任，期望藉由扮演地方公共智庫與人才培育孵化器兩種角色，輔以社會參與式教學途徑與行動研究設計，連結在地城鎮的公共社群，協力發展共學共工的水沙連大學城。 目前發展重點特色：1.配合在地發展需求，設置相關專業系所。2.以培養社會實踐人才為目標，規劃跨領域特色學程。3.設置特色研究中心，開展各項社會實踐行動研究方案。4.滾動式制度修正，建構大學社會責任的支持系統。
111,公立,技專校院,0022,國立臺灣科技大學,2645,5,2811,352,100.00,本校四技對外招生之系組包含機械工程系、材料科學與工程系、營建工程系、化學工程系、電子工程系、電機工程系、資訊工程系、工業管理系、企業管理系、資訊管理系、設計系工業設計組、設計系商業設計組、建築系、應用外語系及全球發展工程學士學位學程等。本校師生近年來在國際上各項排名，均有傑出表現，舉凡英國QS高等教育機構世界最佳大學、英國泰晤士報全球最佳大學、德國iF及紅點設計獎、英國TIMES世界大學領域排名(社會科學領域)、英國QS全球學科前兩百大最佳排行等。另外，各系所畢業校友畢業出路包含出國繼續深造、國內深造以及投身於產業界。由於實作經驗豐富，理論基礎完備，工作態度認真，畢業校友擔任政府要職、大學教授及企業主管者眾多，深受肯定。
111,公立,技專校院,0023,國立雲林科技大學,2755,0,2639,91,95.92,本校打造YunTech品牌，以成為「創新教學與產業對接為特色的國際知名大學」為願景，持續實踐永續與大學社會責任，並以(1)師生的發展對接經濟、環境、社會需求 (2)為地方與全球福祉做出卓著貢獻 (3)塑造創新、智慧、友善、永續的校園(4)名列亞洲百大、世界千大為目標；並以實踐「5化」為策略：(1)特色化：創造對接場域系所教學與研發特色 (2)學術化：瞄準產學應用的基礎研究 (3)產學化：加值產業與教學創新的產學合作 (4)國際化：吸引優秀國際師生加入教學與研發團隊 (5)智慧化：以人工智慧為內涵與形式的教學與研發。本校現有四技（含進修）、二技、碩士（含在職）、博士班學制，提供多元入學管道，並提供多項助學方案，設置獎助學金、入學優異獎學金、校外競賽傑出表現及證照獎勵金等照顧學生方案。本校積極爭取產業界及政府資源挹注，發揮強大的產學研發實力與學術研究能力，讓師生成就被世界看見與發光！
111,公立,技專校院,0024,國立屏東科技大學,2633,6,2358,110,90.17,1、全人化－透過課程的教學以及無形的陶冶與溫馨的關懷，健全人格發展，使學生不僅是具有工作能力的專業化，也是兼具社會責任的社會人與富有人文關懷的文化人。  2、專業化－掌握人力市場資訊，培養學生具有紮實的工作能力、學習能力與創造能力，以符職場需求，或從事科技研發與經營管理，以促進國家產業升級。  3、國際化－因應國際化趨勢，培育學生立足地球村應有的素質，強化國際語文能力，增進對國際社會的認識，瞭解國際政經的發展，提升學生國際競爭力。
111,公立,技專校院,0025,國立臺北科技大學,3271,3,3340,254,100.00,北科大創立於民國元年，與國同壽，畢業校友十餘萬人，培育無數臺灣各階段經濟發展關鍵產業之技術人力，臺灣上市、上櫃公司主要負責人有10%以上為本校校友，素有「企業家的搖籃」的美稱，深獲社會好評。111年Cheers企業最愛大學調查名列技職第1、111年度獲1111人力銀行全臺公立科技校院第2名。  北科大實施校外實習及程式設計相關課程必修，亦配合國家產業發展設立主題式跨領域或新興領域學程提供學生修習，與臺積電等龍頭企業合作開辦產業鏈結學程，合作企業提供實習機會，完成學程同學獲得優先面試與較高起薪之待遇。本校並為「臺北聯合大學系統」成員，北大、北醫及海大提供跨校選課、輔系、雙主修、學期交換等多元跨域學習，同學可享受四校資源及共同課程。
111,公立,一般大學,0028,國立臺北藝術大學,752,0,734,70,97.81,本校成立於1982年，當時名為「國立藝術學院」，2001年改名為「國立臺北藝術大學」，目前設有音樂、美術、戲劇、舞蹈、電影與新媒體、文化資源、人文等7個學院，10個學系/學程、18個碩士班、3個碩士在職專班、5個博士班，以及通識暨共同教育委員會。  作為台灣最重要的藝術人才孕育場域，北藝大宗旨為「兼顧傳統與現代、國際與本土並進」，培育藝術創作、展演及學術研究人才，以創造藝術發展之新契機。在設備上，北藝大除了擁有一座藝術資料完整的圖書館之外，也是全台灣目前唯一擁有自己的專業音樂廳、戲劇廳、舞蹈廳、美術館與電影院的大學學府。本校也持續進行國際交流，與世界各國藝術教育接軌，並與一流藝術校院締結姊妹校，使本校成為高度國際化之專業藝術學府。
111,公立,一般大學,0029,國立臺灣藝術大學,1383,1,1326,87,96.19,本校博士班學制包含六大博士班、碩士班學制包含二十班、碩士在職專班學制包含十三班別、學士班學制包含十五班別、進修學士班學制包含十一班別、二年制在職專班學制包含六班別。
111,公立,一般大學,0030,國立臺東大學,1453,26,1195,10,83.86,國立臺東大學創立於民國37年，早期為一所以培育國小師資為主之師範學院；民國92年8月1日改制並更名為「國立臺東大學」，除原本的師範學院外，再增設人文學院及理工學院，成為一所綜合型大學；民國103年，隨著本校知本校區落成啟用，各學院全數遷至知本校區(即校本部)，以發展學術研究及教學活動為主，而臺東校區則規劃為產學營運、推廣教育暨各類特色中心，帶動地方發展。 本校目前設有3大學院、18個學系組、1個獨立研究所、1個院設博士班、1個碩士學位學程、3個學士學位學程、2個原住民專班，提供學士、碩士及博士等豐富多元之學位課程，學生數約為5千人，是一所溫暖精緻、師生關係融洽的教學型大學。
111,公立,一般大學,0031,國立宜蘭大學,1456,3,1390,29,95.75,＊本校榮獲泰晤士報高等教育特刊THE「2022年全球最佳大學排名」1201+，獲得國際肯定。  ＊2022《Cheers天下雜誌》兩千大企業調查「畢業生表現最超乎預期」，本校榮獲企業最愛公立一般中型大學第2名。  ＊校區位於宜蘭市中心，交通便捷、生活便利，另有城南校區、大礁溪林場、五結校區、金六結農場等多元教學場域。  ＊連續榮獲教育部獎勵大學教學卓越計畫肯定，107年-111年再獲教育部「高等教育深耕計畫」補助。  ＊工學院及電機資訊學院各學系皆通過IEET認證，畢業學歷受國際認可。  ＊與美國密西根大學迪爾伯恩分校商學院（UMD）簽署3+2計畫，5年取得宜大學士學位+UMD碩士學位。森林暨自然資源學系與加拿大英屬哥倫比亞大學（UBC）簽署雙聯學制。  ＊人文及管理學院與福州大學經濟與管理學院簽訂「雙聯學制」合作備忘錄，可分別獲得國立宜蘭大學及福州大學碩士學位。
111,公立,一般大學,0032,國立聯合大學,2088,0,1923,12,92.14,國立聯合大學現有「理工」、「電機資訊」、「管理」、「客家研究」、「人文與社會」及「設計」等6個學院、19個學系（含15個碩士班）、1個原住民專班、1個獨立研究所，以及1個博士學位學程。本校針對「在地文化」、「優質教學」、「研究創新」及「社會服務」四大願景進行規劃，積極推動多元人才培訓，提高國際行動力。 2.本校以「在地文化」、「優質教學」、「研究創新」及「社會服務」為四大願景，以橘綠科技為發展主軸，包含I2-GO（integrative、intellectual、green、orange）代表整合、智慧、環保概念的綠色科技，及強調人本關懷健康照護相關科技的橘色科技。擴大產、學、研在地策略聯盟，強化學生產學實習與就業能力、提昇畢業競爭力，並鏈結在地高中職，扮演社會智庫的功能，以建構苗栗大學城為終極目標。
111,公立,技專校院,0033,國立虎尾科技大學,3154,2,2946,35,93.54,虎尾科大以發展泛機械群工程技術領域創校，在精密機械、光機電整合、資通訊應用、綠能與節能、生物科技、以及精緻農業等工程領域，已發展為極具創新研發能量的「工程技術型科技大學」。本校深耕精密機械領域，為國內智慧機械發展重點培育學校，並以「邁向具有重點特色的精緻型卓越科技大學」為目標，建置智能機械與智慧製造研究中心與國立唯一航空維修中心。107年榮獲教育部高等教育深耕計畫經費補助並為全國科大第三名，更於108年工程教育認證獲得最優佳績。為深化實務教育與產業鏈結，擘劃創新產學校園，擬定五大發展面向，期能落實智慧校園、智慧學習，鞏固虎尾科大產學研優勢並善盡社會責任。因應多元化之社會發展，積極打造「創新產學校園」，攜手企業育才、共同成長。
111,公立,一般大學,0035,國立臺南藝術大學,417,0,383,17,92.17,本校為一藝術專業大學，「修藝進德，臻於卓越」為學校發展願景。在校長帶領下秉持「藝術承傳、守護、轉化、創新」之使命感，以「藝術擴張、跨域、實驗、連結」的策略發展校務，致力營造提昇美感教育、啟發創造力及融合藝術於生活之優質學習環境，使師生在自由、自在及自信的學風中，成為志道、據德、依仁、游藝之人文藝術專才。同時以「兼重在地特色與國際視野之藝術教育」、「培養兼具傳統素養與創新能力之藝術人才」、「強調融合創造力與應用力之藝術內涵」以及「營造整合校園與周邊區域之藝術聚落」四大發展目標為基礎，擬訂校務發展計畫行動，期將傳統文化智慧與美學透過創作重新與現代思維連結，以歷史、文化及生活表現做為創作研究泉源，並以師生藝術創作、展演、研究及教育推廣之力量來關懷生命、服務社會，讓藝術之光度與強度在生活中自然發生，最終達成本校願景。
111,公立,一般大學,0036,國立臺南大學,1719,1,1459,46,85.32,國立臺南大學是南臺灣唯一百年綜合大學，創校至今118年，秉持傳統品德素養，志在培育具備「仁智誠正」之專業人才，經歷師專、師院改制，並於民國93年正式轉型為綜合大學，符應社會趨勢，不斷創新，陸續創立教育、人文與社會、藝術、理工、環境與生態、管理等6大學院21個學系，另設有26個碩士班、6個博士班，16個碩士在職專班。提供專業領域人才繼續深造之優良學習環境。本校立基臺南，以深耕在地，邁向國際為發展願景。除持續培育學生基本能力外，因應產業人才需求，與地區性產業進行產學合作，打造府城在地化特色大學。
111,公立,一般大學,0037,國立臺北教育大學,1607,2,1525,68,95.22,3個學院(教育學院、人文藝術學院、理學院)16個學系、23個碩士班、3個學位學程及4個博士班，深耕教育專業技能培能人才無數，榮獲教育部核定師資培育公費生，並設有卓越師資獎學金名額培育小學、幼教、特教師資。教育學院文教法律、課程教學及心理諮商師的重要搖籃，栽培出全臺最多小學校長、教師的優質學府；人文藝術學院深耕人文專業、滋養藝術設計與創意氛圍，培養出具備多元思辨與美感文創人才。理學院領航數學教育、科學教育，發展數位學習、玩具遊戲設計和運動休閒產業，成為培育產學合作的重要生力軍。  畢業就業率歷年君高達96.13%/2021年亞洲500大學/ 2021天下USR大學公民調查第五名/ 亞洲唯一連續兩年入圍英國泰唔士高等教育亞洲大學最佳教學與學習策略獎/ 2021臺灣最佳大學排行榜文法商大學名列前15名/ 校友文姿云2020東京奧運空手道銅牌/ 芝山親善大使近年均入選國慶大會活動接待
111,公立,一般大學,0039,國立臺中教育大學,1358,1,1216,52,89.99,本校創建於1899年，融合百年師資培育之社會楷模理念、博雅專業理想與教育專業特色，已發展「教育學院」、「人文學院」、「理學院」及「管理學院」四個學院，是一所兼具文理藝術特色、教育研究專業、師資培育功能及產業創新發展人才培育的精緻大學。秉持「承百年師範，利未來教大」治校理念，因應社會環境變遷及全球化的挑戰，本校持續透過課程規劃，提升學生跨領域、雙語、量化分析及數位能力；運用數位化教學設備及社群共學合作，促進學生自主學習及教師教學研究能力；在教學面導入業界出題師生解題合作機制，彌縫學用落差並活化教學內容；在學生學習面，除鏈結在地區域需求鼓勵社會參與，培養人文關懷素養外，也積極擴展國際交流，提供交換生、雙聯學制、海外志工及實習等機會，開拓國際視野。本校透過課程學習與非課程活動薰陶，提升語言溝通、數位素養、量化分析、自主學習、問題解決的能力，培養能掌握社會脈動及運用科技工具的新世代師資與專業人才。
111,公立,技專校院,0042,國立澎湖科技大學,832,0,636,8,76.67,本校以澎湖地區海洋島嶼資源與觀光休閒特色以及學校師資與既有資源的客觀環境，建構出以「教學為主、研究為輔的教學型科技大學」、「重視實務教學、落實職業生涯準備教育之科技大學」、「重點發展地區特色的社區型科技大學」及「小而美的精緻型科技大學」為學校定位。再根據此定位，本校以水產養殖、觀光休閒與綠色能源為學校中長程發展主軸，整合校內外師資與資源，制定「強化教學與實務之聯結增進學生畢業後之就業競爭」、「配合澎湖離島的在地產業特性，積極推動綠能、水產養殖與觀光休閒遊憩之相關研發與產學計畫」、「強調培育實務與理論並重、人文與科技相融的教育」、「結合社區發展資源，協助地方產業、經濟與文化之提昇」、「推動產學合作、技術服務，導入更多外來資源以增加校務基金經費，深耕現有教學與研發。
111,公立,技專校院,0043,國立勤益科技大學,3192,4,2920,141,91.95,一、本校學制包括：日間部(博士班、碩士班、產業碩士專班、四技、二技)、進修部(碩士在職專班、四技、二專、二技)。本校設置有工程、電資、管理、人文創意、通識教育等5個學院，系所包括：機械工程系、化工與材料工程系、冷凍空調與能源系(環境控制組、能源應用組)、電機工程系、電子工程系(綠能晶片與系統應用組、網路多媒體暨遊戲機組、智慧電子產品設計組)、資訊工程系、工業工程與管理系、企業管理系、資訊管理系、流通管理系、休閒產業管理系、文化創意事業系、景觀系、應用英語系等。  二、本校以「工具機與綠能科技產業」為體，工程電資為用，管理人文為本之跨領域整合，結合國內相關產官學研等單位共同發展關鍵技術研發及人才培育，透過導入企業資源、業師人力並考量產業實際需求規劃實務課程，讓學生能學習到產業即時的技術與知識，從就學、實習、就業，與產業界間順利地無縫接軌。
111,公立,一般大學,0044,國立體育大學,637,0,627,22,98.48,國立體育大學為亞洲頂尖、世界一流的體育高等學府，規劃了優質的教學環境，有行政教學區、運動訓練競賽區、生活住宿區、運動休閒區及戶外遊憩區等，並具備國際標準的運動設施、擁有國際知名的專業師資及挹注豐沛的教學、研究等資源，課程重視學用合一，就業管道多元，為培養體育運動優質人才的搖籃，使本校學生在國際體壇或學術表現出類拔萃、成績優異成為臺灣之光。 辦理姊妹校師生互訪交流、交換學生及雙聯學位計畫、海外實習與學海計畫及國際文化活動，提供更多元的學習與文化交流機會，拓展本校學生國際視野、強化實務能力、國際觀點及競爭力。 校園有體育館、游泳池、網球館、室外籃球場、射箭、射擊場、羽球館、跆拳道館、體操館、低氧艙實驗室、舉重館、田徑場、柔道場、10公尺空氣槍射擊場、肌力體能訓練場、棒球場、田徑場、戶外冒險體驗教育場、圖書館、博物館、運動防護中心、體適能中心等，提供學生多元安全的學習、運動及休憩環境。
111,公立,技專校院,0046,國立臺北護理健康大學,1507,4,1422,49,94.78,1.本校結合創新實務與健康照護之專業特色，強調「學校整體」、「人才培育」、「教學績效」等概念及實踐，並配合技職教育課程的推展及延續產業協同教學的特色，清楚定位各學制的目標及規劃，以培育健康照護的專業人才。 2.本校積極建構從出生到死亡的健康照護模式，並在現有的醫護專業基礎上，發展優質教學環境、推動教學品質管理、拓展國際合作、以及強化全人教育之學習環境。 3.本校擁有完善的教學環境體制，為醫護技職專校學生更深入研修的第一志願，學制包含四技、二技、碩士在職專班、碩士與博士班。 4.本校擁有優秀專業師資，具博士級以上教師佔教師人數84%，並多具有豐富之臨床實務教學經驗。 5.本校擁有友善、親和、安全與適性特質的校園環境，近年來陸續設置「體適能中心、水療教育示範教學中心、茶藝軒、癒花園、臨床技能中心OSCE、生、老、病之主題花園」等設施，期使學生優遊涵泳於優質且安全的校園環境中快樂學習。
111,公立,技專校院,0047,國立高雄餐旅大學,1172,1,999,86,86.32,「人文化、專業化、企業化、國際化」治校理念，為全國唯一專精培育餐旅精英的搖籃。擁有優秀餐旅師資、落實產學共構課程、畢業前海外參訪、拓展視野養成國際觀，也積極與國內外知名企業建教合作，並與多國海外學校締結姊妺校，全面接軌國際化。具有完善網絡、勞作教育、新生住校、服儀規定。畢業生競爭力，獲得多次具體肯定，2020遠見雜誌「2020企業最愛大學生」觀光休閒類第1名；2020年111人力銀行「2020 企業最愛大學」為雇主最滿意大學（遊憩與運動學群排行榜科技校院第 1 名）；2019年111人力銀行「2019 企業最愛大學」為雇主最滿意大學（遊憩與運動學群排行榜科技校院第 1 名）；2019年Cheers雜誌「2019 企業最愛大學生」為企業最愛大學生（大專校院觀光休閒類第 1 名）。分為研究所、四技部、學士學位學程、五專部及進修推廣學制等，共有1博3所11系3學程1科。
111,公立,一般大學,0048,國立金門大學,1094,0,901,72,83.45,本校位於金門獨特的地理位置與歷史中，以地方關懷、兩岸橋梁、世界接軌為發展重點。積極鼓勵教師研究，提供優良的教學環境與效果；同時結合地方產業發展特色、善盡文化遺產的保存與發揚、配合兩岸情勢之變化及國家未來發展需求，培育未來人才。
111,公立,一般大學,0049,國立臺灣體育運動大學,779,1,761,34,97.91,全校招生特色：本校為全臺首座體育專長學校，自民國50年創立至今，除了訓練優秀運動選手外，也培育運動產業相關人才，包括運動防護、舞蹈、休閒運動、運動管理、及運動播人才；近年來持續提升訓練環境、延攬優秀師資、課程與產業結合，使學生畢業即就業。  學系發展特色：  1體育學系：培育體育教師、體育行政、體適能指導、運動藝術指導及表演人才。  2舞蹈學系：培育舞蹈師資，培養多元舞蹈藝術人才。  3競技運動學系、球類運動學系、技擊運動學系：培養各專長優秀運動員與專業運動教練為目標。  4休閒運動學系：使學生獲得各類型休閒運動專業職能及證照，帶得走的能力及一生健康＋興趣。  5運動事業管理學系：學校是職場，職場是教室，促進國內運動產業擴增升級。  6運動健康科學學系：培養運動防護、體能指導及運動健康科研人才為教育目標。  7運動資訊與傳播學系：以運動與體育為基礎，結合資訊傳播產業，發展全方數位媒體教育。
111,公立,技專校院,0050,國立臺中科技大學,4985,0,4693,79,94.23,本校設有商、設計、語文、資訊與流通、中護健康、智慧產業學院等六個學院22系所，類科前瞻務實，發展多樣，滿足學生適才適性需求外，教育目標首重務實致用，配合國家產業發展需求及學校特色，培育含括行銷管理、創意設計、健康樂活、資訊生活、語言文化等領域優秀人才，並能掌握區域優勢，結合周邊資源，兼顧知能、技能及理論與實務兼備，以厚植學生職場之競爭力。另以一院一特色、一系一產業、一師一產學為理念，培養具備智慧服務為基礎之專業複合型人才，強化學生多元競爭力，而在高等教育國際化趨勢下，更致力打造國際化校園環境，招收國際生、加強國際合作，建置多媒體外語學習空間、輔導語言檢定、拓展學生赴海外研修與實習機會、爭取參與國際會議或公益活動機會，以引領其與世界連結，具備跨國、跨文化向世界移動之能力。本校除設有日間部、進修部、空中學院外，並分設專科部、大學部、碩士班暨碩士在職專班等多元學制，多軌並進培養人才。
111,公立,技專校院,0051,國立臺北商業大學,1934,2,1853,45,96.00,地理位置優越：臺北校區位於都會中心精華區；桃園校區位於平鎮區，交通便利；目前共有14個系所(含財經學院博士班)。學生素質優良：90％以上企業對本校畢業生工作表現評價滿意。在媒體調查中，本校為財經商管界育才搖籃，連續獲得「企業最愛大學」。多元職涯輔導：獎勵學生參與證照技能檢定，辦理多元職涯探索活動，發展適才適性的職業生涯。開創產學新契機：結合校友、政府及產業界資源，辦理產學合作。參賽獲佳績：鼓勵學生多元學習及創意思考，參與各國內外技能競賽，屢獲佳績。英語與跨文化學習：開設全英語課程，姊妹校遍及美國、加拿大、澳洲、德國、荷蘭、奧地利、法國、瑞典、葡萄牙、西班牙、日本、南韓、新加坡等國，鼓勵學生赴海外進修。跨校合作聯盟：參與區域產學合作、技專校院合作，建立策略聯盟。優秀傑出校友：在公私部門、政界、文教界表現可圈可點。獎助輔導完備：結合校內外資源，成立多項獎學金，讓學生安心就學。
111,公立,一般大學,0052,國立屏東大學,2314,5,1979,36,85.93,本校為高教、技職與師培三大體系，以多元合流為特色，並定位為「區域教學與科研融合型大學」。在學術組織上，設有教育學院、人文社會學院、理學院、管理學院、資訊學院、國際暨創新學院及大武山學院等七大學院。招生管道含括高教大學多元入學、公費生培育、四技聯合招生入學及各項本校單獨招生管道。為推展跨領域教學，規劃並開設各種跨領域課程、微學分課程及學分學程，鼓勵學生進行跨領域對話、科際交流，發掘與培養第二專長，另透過專題實作、校外實習與企業參訪等產學合作或建立教師專業社群，以讀書會、工作坊或研討會等形式跨域交流，逐步達成學用合一之目標。本校具備師資培育的優良傳統、人文藝術理學的深厚基礎、數位科技的創新技能，及豐富的產學、實習與推廣教育經驗，教學及研究能量涵蓋各項專業領域；同時，鼓勵教師從事學術研究以豐厚專業根基：並以深植產學研發，提升師生實務專業與創新思考的能力，進而協助產業技術提升，帶動當地產業升級。
111,公立,技專校院,0053,國立高雄科技大學,7865,12,7103,140,90.62,本校由國立高雄應用科技大學、國立高雄第一科技大學及國立高雄海洋科技大學自107年2月1日起合併為「國立高雄科技大學」，學術領域涵蓋工程、電機與資訊、智慧機電、海事、水圈、商業智慧、管理、海洋商務、財務金融、外語、人文社會等，教師專長及研究領域多樣且豐富，資源齊全，充分給予學生「深度」及「廣度」的學習機會，提供多元的跨域學習、永續學習的優良教育環境。培養學生成為全方位跨域、國際移動力、永續學習力及具人本關懷的人才。校地廣闊共有建工、燕巢、第一、楠梓及旗津5個校區，招生學制有日間部、進修部及進修學院，111學年度設有10個學院、14個博士班、51個碩士班、3個獨立所、3個碩士學位學程、45個碩專班、49個系/學位學程、5個專科，鄰近高雄七大工業區與科技園區，升學就業管道暢通，是南部技職教育的重鎮，培育產業發展人才之國際化典範大學。
111,公立,技專校院,0144,國立臺灣戲曲學院,144,0,131,0,90.97,本校為全國唯一本於「藝術教育法」精神，實施一貫制藝術教育的傳統表演藝術學府，以培育優質傳統戲曲專業人才為教育目標，建構我國教育史上第一個從國小、國中、高職、到大學的一貫制學制。依據各學系之專業教育理念與舞臺實踐需求，分別規劃從7年到12年的不同學程，透過循序漸進的課程架構，擇優直升的機制，落實專業人才養成教育。
111,公立,技專校院,0221,國立臺南護理專科學校,422,0,415,0,98.34,本校具備下列招生特色：一、地理位置優異：位於臺南市中心的鑽石地帶，距火車站約700公尺，交通便利，生活機能良好。二、優質教學環境：校園全面e化且設備新穎，設有基礎醫學實驗室、臨床技能模擬中心、高齡者全人照顧教學中心、日間照顧實務教學中心、健康促進教育中心、彩妝、美膚美體教室及整體造型專業教室、化妝品調劑檢驗實驗室、中草藥養生專業教室等教學相關設施，以加強學生專業學習。三、教學成效優異：護理科護理師執照考及格率皆近九成；化妝品應用科美容乙丙級及化學乙丙級相關專業證照通過率平均達八成以上，成績優異；老人服務事業科亦積極輔導學生取得長照相關證照。四、教育目標明確：本校秉持校訓「誠正、博愛、勤慎、負責」之精神，以健康「全人」的概念，結合生命、環境與品德教育，教授健康應用科學，以培養術德兼修的專業技術人才為辦學宗旨。
111,公立,技專校院,0222,國立臺東專科學校,576,3,271,0,47.29,本校以「務實致用之教學型專科學校」自我定位，以「培育東部產業人才搖籃、建立在地關懷技職典範」作為願景，並發展以下五大特色：  1.配合產業發展，培養在地人才：配合臺東地區產業發展，擬定各科發展重點技術，訂定學生培訓計畫。  2.融合多元文化，關懷弱勢族群：結合創意及技術，提升文化產業價值；加強服務學習理念，培養社會關懷胸襟。  3.促進兩部攜手，共創雙贏契機：落實分權分責分享的賦權原則，以及共治共決共生的團隊精神，開創技能升級契機。  4.運用在地資源，研發特色產品：運用在地自然及人文資源，配合各科發展主軸，研發一科一特色產品。  5.建構技訓平臺，推動實務增能：建構技能與職業訓練平臺，縮短學用落差，與產業無縫接軌，提升學生就業力。
111,私立,一般大學,1001,東海大學,4171,1,3341,261,81.29,東海大學創校於1955年，設有文、理、工、管理、社科、農健、創藝、法、國際9大學院，學生逾1萬5千名、境外生千名；本校以成為一所深具博雅底蘊的未來大學為願景，推動翻轉教學以學生為中心的學習環境、整合科技實踐目標導向的創新教學、培育永續跨域並兼具博雅精神及國際觀之人才為教育目標。為拓展學生國際化視野，積極延攬外籍師資，與國外姊妹校結盟交流達千項。本校設有學士班、進修學士班、碩士班、碩士在職專班、博士班，是一所兼具研究教學的綜合型大學。為使學生有更多元的發展，建構跨域雙主修、輔系、學分學程、微學分課程、海外實習等。因應未來發展趨勢，與亞馬遜 AWS 合作雲端創新學院、與台灣人工智慧學校合作中部經理人班、與臺中榮總推動智慧醫療；創設AI中心、前瞻智慧應用研究中心等。2022年榮登1111人力銀行企業最愛、遠見雜誌評為最佳私立大學、最具社會影響力、具有國際化程度及泰晤士世界大學影響力排名全國第三。
111,私立,一般大學,1002,輔仁大學,6790,5,5886,291,87.30,輔仁大學以學生為中心提供豐富資源及全方位服務與輔導。著力於營造充滿文藝氣息及設計美學元素之學生幸福學習空間，打造跨領域的學習樂園。除學習環境營造外，更重視大一新生的啟蒙與輔導，落實導師制度以啟發菁英學生為主要教育職志。並體現天主教精神實踐輔大社會責任，包含：原住民族地區地方創生、新五泰地區永續發展與人才培育。向來以學風自由著稱的輔大，全校共12學院52學系/學程的主修領域，及創新跨領域學院、全人教育中心等，讓學生有機會接觸到不同面向的課程。除主修學系外，亦提供豐沛的跨域學習機會，開放讓學生選擇跨領域雙主修、輔系，及透過跨域學院的52個跨域(微)學分學程，結合健康醫療、音樂治療、人文藝術、AI科技、視覺設計、金融科技、大數據智慧行銷…等，以跨領域方式修課，築基於12學院的養分，成就樣貌豐富的跨域學習環境。本校國際姊妹校400餘所，透過校園國際交流活動，建構學生外語學習環境，打造校園國際化氛圍
111,私立,一般大學,1003,東吳大學,3906,1,3390,117,87.20,東吳大學1900年於蘇州創立，是中國高教史上最早設立的西制大學；1954年獲准在臺復校，為臺灣第一所私立大學，是所樸實自持、開明超然、根柢深厚的綜合大學。設有六學院，院系組合完整，並提供得以連續學習之碩博士班與回流教育體系，已成為企業最愛大學生及研究生的搖籃。師資優秀，學風自由，擁有豐富的圖書資源，專精卓越的教學內涵。兩校區地理環境優越，交通便捷。雙溪校區依山傍水，臨近故宮，文化底蘊深厚；城中校區位居臺北市政治經濟中心，資源豐富，同學可以整個臺北市作為進德修業的腹地。本校以「養天地正氣，法古今完人」的辦學理念，秉持「打造三化共振優質教學環境，致力培育兼具多元能力π型人才」之發展目標，已成為頗具聲望的高等學府，深獲各界肯定。連續多年獲教育部「教學卓越」與「高教深耕」計畫高額補助，獲選為「友善校園績優學校」及北區唯一「品德教育特色學校」，並於2022年首進QS世界大學排名之列，成績斐然。
111,私立,一般大學,1004,中原大學,4215,0,4097,263,97.36,以「中原認同，學習共榮，知識扎根，育才招生」的方式，實行教研合一的招生政策，為落實學生適性學習與學用合一，以及本校「天」、「人」、「物」、「我」的全人教育理念內涵，推出多項特色教育方案，以提供學生多元且優質的學習環境，例如：1.首推學術與實務課程分流學習框架：落實適性教育之理念，以學習者為本位，啟動課程再造工程，提供符合學生發展需求的課程分流架構，進而縮短「學用落差」。2.創建學用合一導向的大學就業學程：以學習者為本位，提供5大類學程，包含企業學程、創業學程、公職學程、教育學程與領導學程等，強化與產業之鏈接，除了滿足學生多元發展之需求，更提供「畢業後即就業」的發展管道，以有效縮短學用落差之人才培育目標。3.建立落實適性教育的彈性轉系制度：打破全國以學業成績為標準的轉系方法，全面改採面試審查，以落實適性教育之理念、有效減低學生非自願性延畢。
111,私立,一般大學,1005,淡江大學學校財團法人淡江大學,6039,3,4706,381,79.27,"淡江大學創校72年，學風自由，師資堅強，成功落實「國際化、資訊化、未來化」成為國內具前瞻性且面向世界的優質綜合大學，融合三環五育，培育學生具備「全球視野、資訊運用、洞悉未來、品德倫理、獨立思考、樂活健康、團隊合作、美學涵養」八大素養，鼓勵多元學習，強化學用合一。本校有淡水、台北、蘭陽、網路等4個校園，學生近2萬4,000人，逾28萬校友遍布全球各地，是國內具規模且功能完備的高等教育學府之一。《Cheers雜誌》進行「台灣2000大企業人才策略與最愛大學生調查」，2022年第25度蟬聯私校第一。本校提供具吸引力的學習環境、優質的英語學習環境、豐富的藝文社團活動、友善與安全校園環境、先進與完備運動設施等，以「共創大淡水，智慧大未來」為第五波校務發展的中程願景，俾使本校學生擁有最佳學習體驗與成果，踏入職場時能具備競爭優勢，成為具心靈卓越的淡江人。"
111,私立,一般大學,1006,中國文化大學,6441,0,3710,154,58.59,中國文化大學位於台北市陽明山，設有13個學院，學士班有63學系組學位學程、碩士班有47系所組學位學程、博士班有10所，為一綜合性大學。本校以發揚中華文化為主旨，系所多元完整，涵蓋各主要學術範疇；在中華文化陶冶及國際化的學習環境中，實現跨領域、跨產業、跨國界的育才目標，培養學生成為最靈活的人才！本校為全國學系組學位學程最多之大學，提供每位學生多元學習的機會，除了雙主修輔系等選擇外，每系亦開設跨領域學分學程與專業學程。近年已取得ACCSB華文商管學院認證及IEET中華工程教育學會認證，顯示本校在教學及各項輔助資源之投入已獲認可。本校不僅重視文化傳承與創新外，同時也十分注重國際化，在全球締結超過400所姐妹校，設立跨國雙聯學位制度，更善用校內英、日、韓、俄、法等國語文學系的資源，以及全英語學位學程、華語中心，每年赴海外交流與在文大求學的境外學生多達一千多位，成功營造國際化的學習環境。
111,私立,一般大學,1007,逢甲大學,5497,3,5291,237,96.46,本校設有工程與科學、商、人文社會、資訊電機、建設、經營管理、金融、國際科技與管理、建築專業、創能等10個學院，學生人數逾2萬人。本校以「教學卓越、研究重點突破的亞太地區知名大學」為願景，形塑出i#的全面資訊教育升級樣貌，以培養具備產業升級社會轉型的人才，致力成為一所兼具持續創新、跨領域、國際化，且對國家社會教育具備影響力的4I大學。近年來在教學成效、研發能量及學術聲望上表現傑出，2022年《遠見》大學聲望調查，校長互評「年度辦學最佳大學」再次蟬聯私校辦學第一。2022遠見雜誌「臺灣最佳大學排行榜」，成為全國私校前五名中唯一非醫科大學，全國私校第四。《Cheers》2022年「大學辦學績效成長」調查，逢甲大學名列全國第四，穩居私校龍頭。商、金融學院全數通過國際AACSB教育認證，工程相關學系全數通過國際IEET教育認證，顯示本校對學生專業知識的扎根與軟能力的養成深獲社會肯定。
111,私立,一般大學,1008,靜宜大學,3043,2,2392,95,79.30,1.本校連續16年獲教育部教學卓越與高教深耕計畫逾11億元補助。2.天下雜誌2022大學辦學績效成長排名全國第七；遠見雜誌2022台灣最佳大學排行榜人文社科類全國排名第八。3.全國第一所加入「國際交換學生計畫(ISEP)」之會員學校，提供免付國外學費與膳宿費之國際交換與出國研修方案。4.招生學制包括大學部、碩士班、碩士在職專班、博士班。5.大學部新生入學管道包括特殊選才、繁星推薦、申請入學、四技二專甄選入學、分發入學、運動績優及原住民專班單獨招生。6.鼓勵學生學習多元專長，修習輔系、雙主修人數為私校前茅。7.提供績優入學與學業成績優良等多項獎學金。8.推行學碩一貫、逕讀博班，提供獎學金，鼓勵學生在專業領域繼續深造。9.本校設教育學程，提供學生多元就業力。10.蓋夏圖書館曾榮獲全國十大非去不可圖書館，藏書豐富。11.產業學院開設校外實習、創新創業學程，提供實習機會，表現優秀者畢業後即就業。
111,私立,一般大學,1009,長庚大學,1868,0,1760,104,94.52,本校為落實勤勞樸實生活教育及實務與理論結合之辦學理念，在董事會全力支持下，經費充裕、師資質量均優、設備新穎充足、校區環境幽雅。111學年度設有醫學、工程、管理、智慧運算四個學院，計20個學系及3個學士學位學程、24個碩士班及7個碩士學位學程、2個碩士在職專班、12個博士班及1個博士學位學程。招生採多元入學管道，相關招生資訊請至本校招生資訊網查詢。
111,私立,一般大學,1010,元智大學,2332,0,1884,191,82.24,元智創校以來，推動多項前導性高等教育創新作為，辦學特色廣獲各界肯定：  ●教授群獲選全球前2%頂尖科學家●2022年RUR全球最佳大學排名，「社會科學」類獲台灣綜合性私冠軍●2022年英國泰晤士高等教育世界大學排名，在「商管領域」學術排名全球500●Cheers雜誌調查3000大企業經理人最想就讀私立大學首選●首創桃園「微軟國際課程與認證中心」攜手遠傳，打造5G雲端智慧校園●首推Google Cloud認證雲端學程●成立企業書院及國際書院，培育企業人才●世界百大雙聯學位合作：澳洲昆士蘭大學●MIT美國麻省理工學院體驗營唯一合作學校●「遠東集團儲備人才計畫」實施多元化海內外專業實習●首設就業學程，開展跨域整合學習●啟動三創（創意、創新、創業）教育●首創就業培訓講堂提升學生就業軟實力●率先推動延後分流並擴大適性轉系，實施5年取得學士、碩士雙學位制度●聚焦特色重點領域研發，推動相關產業深耕與創新
111,私立,一般大學,1011,中華大學學校財團法人中華大學,1788,30,1123,52,64.92,本校定位為一所優質教學及產學鏈結雙導向之大學，以培養陽光青年並積極推動創新創業普及教育及跨領域學習為目標，同時為強化學生就業力，積極推動企業實習與專業證照，使學生做好充分的就業準備，除與國內外560餘家企業或公部門實習合作，鼓勵學生參與實習；另特聘業界教師授課之「Build School跨域黑客軟體實作菁英培訓班」，培養學生具備跨領域專業與職場競爭力。本校畢業生不僅具有「就業率高、薪資高、企業滿意度高」之三高表現外，同時，工程相關學系皆通過IEET工程認證，管理學院亦取得國際AACSB認證，躋身世界頂尖前5%商管學院；另在英國高等教育調查公司QS評比中，本校不僅躍進亞洲地區大學前450名，亦名列台灣綜合型私立大學第11名，再再顯示學校各方面具備深厚的辦學基礎。
111,私立,一般大學,1012,大葉大學,2105,0,1204,44,58.07,本校現有（111學年度）工學院、管理學院、設計暨藝術學院、外語學院、生物科技暨資源學院、觀光餐旅學院及護暨健康學院等7個學院，計有24個學系、1個獨立研究所、5個學位學程、以及4個學院班別對外招生，合計有28個學士班、3個進修學士班、1個二年制在職專班、20個碩士班、9個碩士在職專班及5個博士班之綜合大學。提供學生夠充分發揮想像力與創造力之環境，並創造高品質之教學與研究環境、培養高創力及豐富科學內涵之專業人才，強調「理論與實務並重」、「人文與科技整合」、「師傅與徒弟傳承」與「產業與學術合作」等教育理念，以住學合的方式推動「四肯書院」培養具「肯學、肯做、肯付出、肯負責」四肯態度之大葉學生，實現「創意的產業人」、歡迎的「合作的工作夥伴」、具「競爭力的現代國民」，以及「關懷的世界公民」之教育目標，期以此等理念與目而達成「產業導向之綜合大學」之定位，完成「企業夥伴型大學」之發展願景。
111,私立,一般大學,1013,華梵學校財團法人華梵大學,449,0,320,12,72.02,1.一所重視品德，致力培養具備文化涵養之專業人才的住宿型大學；公車與專車便捷生活，住宿仍享大臺北政經文化地利優勢。2.全力提升語言表達能力、培養關鍵競爭力，每位學生提供客製化的中、英文能力學習途徑。學生出國學習：學校補助經費減輕同學負擔，每位同學都有能力出國學習，海外交換、遊學、實習與雙聯學位等經驗。3.厚植專業能力/動手實作PBL/跨領域自主學習：以培養應用實務型人才為目標，強調動手實作學習、行動學習，在實際情境中進行創作或解決具體問題。鼓勵創業、創新、實作學習；推動跨領域的專題式學習，學生必須整合不同領域的知識，解決實際的問題或進行實務的創作。4.全國唯一全校學生皆有個人獨立工作空間：每一個同學都可在專屬空間內，隨時進行專業創作、研究或討論，培養強大實務能力。5.校外實習接軌產業：重視學生的實務能力，每一位學生在畢業前，安排到校外實習至少一學期，以接軌業界，培養就業競爭力。
111,私立,一般大學,1014,義守大學,3628,48,2197,368,64.97,義守大學為一所人文與科技並重、多元人才培育的國際化綜合大學，設有工、智慧科技、管理、語文、觀光餐旅、傳播與設計、國際、醫學、醫學科技及原住民族等十個學院，並有全國獨創之學士後醫學系外國學生專班，所有系所皆通過外部評鑑，且獲全球唯一3個學院同步通過AACSB國際認證，連續8年教育部教學卓越獎勵補助，為南台灣學校之 最。   本校辦學績效卓著，2019年入選《遠見雜誌》台灣最佳大學排行榜，全國綜合大學前18名、南部私校綜合大學第1名，2021年入選QS亞洲大學排名，整體表現受獲肯定。本校致力培育具國際觀與競逐全球能力之專才，且校園國際化交流與學習機會非常多，集團所屬事業體具多樣性，使學生在實習與就業上極佔優勢，本校更積極與其他企業產學合作，開辦就業學程計畫，聘請產業界講師授課，使學生具備企業界優先錄用之優勢，為本校畢業生開創寬廣就業機會。新鮮人的你們，怎能錯過呢!選擇義守大學，絕對是正確的。
111,私立,一般大學,1015,世新大學,2774,2,2306,110,83.83,本校定位為「精緻的教學卓越大學」，近年持續發展「數位傳播貫穿各學門、數據智能結合各專業」之辦學特色，積極優化師資結構、提升教學品質及追求創新卓越，以培育「具有教養、宏觀、專業知能及國際視野之公民」為願景，致力完善「厚植學生基礎能力」、「培養學生就業能力」、「建構跨域學習環境」、「發展創新教學模式」、「建構創新創業生態環境」等創新架構，以翠谷新勢力—傳播力、創新力、即戰力實施教育創新。  本校擁有全台大學最高端新媒體設備的「全媒體大樓」與「LVS智能攝製基地」，及「數位創意設計」、「數位攝影暨輸出」、「人工智慧暨科技生活研究」、「大數據暨智慧企業研究」、「雲端暨智慧物聯網研究」、「社區創想」和「數位敘事」七大教學研究中心，有效提升學生的即戰力和競爭力。  本校施行「築夢翠谷助學措施」，提供大學部低收、中低收入戶學生四年學雜費全免，及每學年9個月的「生活助學金」，增加助學範圍嘉惠學子不遺餘力。
111,私立,一般大學,1016,銘傳大學,4617,0,3750,530,83.16,1.銘傳大學係為紀念台灣首任巡撫劉銘傳而設立的知名大學，擁有65年的辦學經驗。2010年獲得美國MSCHE認證，成為亞洲唯一一所美國認證大學。2016年6月再次通過MSCHE 10年認證，與哥倫比亞大學、紐約大學、馬里蘭大學、賓州大學、康乃爾大學為同一認證體系。2017年7月管理學院通過AACSB國際認證。2.設有11個學院、43個學系，16.7萬校友及近2萬名學士生、碩士及博士生，深受陸生及國際生喜愛，陸生人數名列前茅。3. 「2021年全球最佳大學排行榜」，連續5年進榜，榮登全球著名學府。4.與2021與全球193所知名大學締結姐妹校，外籍生數1111人。5.連續10年獲教育部「大學教學卓越計畫」獎勵，教學成效倍獲肯定。2021年連續4年獲高教深耕計畫補助。6.教師教學認真嚴謹指導學生參加科技部大專學生研究計畫，2021年獲獎勵數115件，全台第4名，私校第2名。
111,私立,一般大學,1017,實踐大學,3408,0,2270,145,67.97,本校持續榮獲教育部教學實踐研究計畫、學海計畫、議題導向敘事力創新教學發展計畫與高教深耕計畫的認同及肯定，亦常於各種國內外賽事中獲獎。招生特色：一、多元敬業學士生：致力培養學生自主學習與多元發展，除教師教學創新外，更融合多元社團活動與服務學習，還有跨國文化交流機會，藉以期許培養學生畢業即就業的能力，亦在夜間提供在職進修機會。二、跨域分流碩士生：本校碩士班學生理論與實務兼容，學系指導過程更依特質強化其專業或實務能力，不僅課程多元，亦提供學生許多機會，透過實作與實務經驗學習，因此學生在畢業後深獲企業喜愛。亦有碩士在職專班，提供終身學習機會。三、創意思維博士生：隨著數位科技的進步，「創意產業」逐漸成為許多國家推動經濟復甦及產業轉型的引擎。以創意為校務發展DNA，為深耕創意教學，擴大創意與產業結合邊際效益，遂於2012年正式成立管理學院創意產業博士班，招收來自各行各業的人士就讀。
111,私立,技專校院,1018,朝陽科技大學,3238,0,2897,254,90.23,朝陽科技大學定位為「以產學實務為導向之教學型大學」，致力推動以創意、創新、創業為主軸之「三創教育」，提供學生跨領域的國際化學習。目前與全球超過640所姊妹校簽訂學術合作協議，積極推動「千人海外體驗學習」計畫，不但延攬丹麥、奧地利、匈牙利、以色列、土耳其等十餘國師資，更斥資數億元設立航空學院，依循航空公司三大業務主軸航務、機務、運務進行完整規劃，為學子打造飛航圓夢基地，培育航空菁英。此外，朝陽科大亦積極強化重點特色計畫，整合「非破壞檢測研發中心」、「環境資源永續再利用研發中心」、「健康農糧中心」、「A2I智慧產業技術研發中心」等四大校級研究中心，致力建構友善生態環境，積極推動聯合國永續發展目標（SDGs），善盡大學社會責任不遺餘力。
111,私立,一般大學,1019,高雄醫學大學,1812,0,1682,62,93.06,高醫大創立於民國43年，是全臺第一所私立醫學院；民國88年改名為高雄醫學大學，也是全臺第一所私立醫學大學。創校68年來，歷經所有高醫人的努力耕耘，學校目前有七個學院、一個通識教育中心，以及一家醫學中心等級的附設中和紀念醫院，還有接受高雄市政府委託經營的小港、大同、旗津及籌建中的高醫附設岡山醫院，校、院相輔相成，形成一個南臺灣最大、最完整的醫學教育與醫療服務體系，使高醫學子擁有全方位的學習環境，是見習、實習的最佳場域。本校重視學生醫學人文與品德教育的培養，由師長帶領學生與附設醫院同仁一起援助原鄉和國際友邦的醫療服務，校院合作對社會責任的實踐深獲各界認同，歷年來已有46位師長與校友榮獲全國醫療奉獻獎，是得獎人數居冠的醫學校院。本校與國內各公立大學也有相關學程和學術研究的合作，更與其他頂尖大學開設跨域遠距視訊課程，為大家開啟了多元、跨領域學習的管道。
111,私立,一般大學,1020,南華大學,1588,0,1436,0,90.43,南華大學成立於１９９６年，是佛光山星雲大師發起「百萬人興學」募款而創設。本校秉持「提升生命價值與永續發展，培養慧道中流的南華人」的教育願景，以「生命關懷、公益公義、國際知名的教學卓越大學」為自我定位，實踐「以生命力帶動三好生命力、以學習力提升就業競爭力、以全球觀促進國際移動力」的教育理念，並以「生命教育、環境永續、智慧創新、三好校園」為辦學特色，致力打造為一所深耕生命教育邁向永續發展的大學。本校強調創新、跨域及自主學習，引導學生習得帶得走的能力及跨域能力。秉承星雲大師「做好事、說好話、存好心」的理念，形塑三好校園。此外，積極推動學生海外學習、２＋２雙學位及擴大國際交流與合作，促使「南華走向世界，世界走向南華」，以全面提升國際移動力。最後，本校致力推動「永續環境，營造樂活森林校園」，並以身心靈平衡為重點，強化生命教育、環境與永續發展，以實現「生命教育與環境永續典範大學」。
111,私立,一般大學,1021,真理大學,1631,0,723,59,46.27,【1】本校「通過」高等教育評鑑中心基金會大學校院校務評鑑;【2】本校獲教育部大專校院體育專案評鑑為「一等」(全國最優成績);【3】本校為獲教育部體育署表揚長期推動學校體育志工的5所優良大學;【4】本校獲台灣輔導與諮商學會頒發「推行輔導工作績優學校」;【5】本校「通過」國際標準組織ISO9001/IWA2教育品質管理驗證。
111,私立,一般大學,1022,大同大學,1122,0,811,27,72.93,一、本校位居臺北市中心，校區緊鄰北美館及花博公園，步行可至民權西路、圓山及中山國小捷運站，生活機能完善，是有志向學者的理想學習環境。二、本校建校六十餘年來素以培養國家發展所需的科學家、設計師、工程師與事業經營者著稱，傑出校友遍佈產、官、學、研各領域。三、本校辦學績效優異，屢獲教育部教學卓越計畫經費補助，各系所皆通過教育部系所評鑑與工程及科技教育認證（IEET），並連續十二年榮獲中國工程師學會評選為「產學合作績優單位」。四、本校積極發展與海外姊妹校之雙向交流，並與國內外一流企業進行密切產學交流，培育務實致用人才。五、本校學生在學期間須通過本校認可之英文能力檢定，方得畢業。未通過檢定的學生均納入本校英語自學方案輔導對象。應用外語學系英文畢業能力另規定之。如各系另有畢業規定，則依其規定辦理。六、本校尚志獎學金最多八學期共壹佰萬元。
111,私立,技專校院,1023,南臺學校財團法人南臺科技大學,4264,0,3249,67,76.56,本校以「信義誠實」為校訓，在校歌中清楚明示：以「樂育英才、造福社會、建設國家」為創校宗旨，學術及技術並重，並以嚴謹務實之辦學態度，規劃具前瞻性之學校總體發展目標與校務發展計畫，期能充分利用資源，強化教學品質與提升研發水準。本校參考標竿學校日本立命館大學之「畢業即就業」辦學理念，培育兼具專業技能與人文素養之務實致用產業人才。為建立「產學無縫接軌」的親產學校園環境，本校配合國家產業政策，著力於產業技術之創新改良，突破技術瓶頸，以協助產業發展為使命。
111,私立,技專校院,1024,崑山科技大學,2495,0,1718,416,73.31,地點最優、機能完備：在大臺南城鄉交會中心，共3路公車直達，鄰大灣交流道，近臺鐵和高鐵車站。20餘頃寬闊校園，臺南地區校地最廣之科技大學。周邊有大灣、成大和南紡購物中心等商圈，生活機能完備。  實習工廠、鏈結產業：學系多元且契合政府產業策略，為建構好就業環境，特按教育部類產線工廠規範，共打造4間國家級和7間校級的「類產線工廠」，作為學生實作場域，落實跨領域的技術實作課程，提高學生就業競爭力。  接軌產業、企業最愛：近臺南科學園區和科技工業區，產業資源連結豐富，具體培育學生擁有實作能力，超過1400家企業攜手簽訂人才培育計畫；與美國、日本等國產業推動國際產學合作。逾15萬餘名校友跨足各大產業，龐大綿密的網絡團結崑山校友，成為企業最愛。  學雜費最低、獎助金豐厚：學雜費是雲嘉南地區私立科大最低，善盡社會責任；運用外部補助款設各類獎助學金，讓學生安心就學；海外實習交流或研習，可申請補助來圓夢。
111,私立,技專校院,1025,嘉藥學校財團法人嘉南藥理大學,3427,3,2003,82,59.47,學校設置藥理、民生、人文暨資訊應用、環境永續、休閒暨健康管理等五大學院，目前計有23個系(所)、4個學位學程、4個科，另設5個一級研究中心，從事健康相關之研究與產業服務。  本校五大學院設置宗旨交織輝映『樂活創新服務』教育目標，各學院設置宗旨如下：「藥理學院」-『社區醫藥、保健服務』；「民生學院」-『利民厚生、健康全人』；「人文暨資訊應用學院」-『關懷和諧、創新服務』；「環境永續學院」-『環境健康、永續發展』；「休閒暨健康管理學院」-『永齡康健、樂活人生』。
111,私立,技專校院,1026,樹德科技大學,3171,0,2011,239,65.98,本校是一所以學生為主、教學為要、實務為重、產研為本、就業實務應用為導向之科技大學；營造具備優質化、多元化、國際化、及特色化之學習環境，培育術德兼備、誠懇踏實之優秀學生，使成為業界優先選用人才。  本校設有菁、群英入學獎助學金，鼓勵優質學生就讀。管理學院以「Topping式實習」為特色教學，協助輔導學生實習與就業，將學界與業界間的最後一哩予以接軌，達成畢業即就業；資訊學院以「快速循環教學法」為特色教學，扎實學生的專業能力，取得所需之國內及國際證照，提昇就業競爭力；設計學院開設菁英培育「校園設計師」課程，推動「跨文化創新與國際接軌」計畫培育具知識創新與國際接軌人才；應用社會學院以培養學生宏觀國際視野及多元文化包容意識，以成為有行動力的「世界公民」為目標；通識學院以「全人教育」之理念為基礎，秉持「學術、知性、快樂、希望」之校訓精神，培養具有人文與科學素養且知行合一具實踐力之新世紀公民。
111,私立,一般大學,1027,慈濟學校財團法人慈濟大學,930,0,553,43,61.25,(1) 高等教育教學評鑑100%通過學校  (2) 全球獨創「模擬醫學人文課程」學校  (3) 多元頻繁的國際交流活動  (4) 研究品質表現佳並具學術特色的學校  (5) 全國唯一「三軌輔導」特色學校  (6) 高獎助的安心就學學校  (7) 深耕臺灣邁向國際的社會教育發展  (8) 東部志願服務典範學校  (9) 國家永永續發展獎、東部唯一綠色大學示範學校
111,私立,一般大學,1028,臺北醫學大學,1390,0,1327,174,95.97,1.多元跨領域學程：為增進學生多元學習，發展跨領域專長，規劃數十門微學程及學分學程，修畢學程科目，可申請學程證書或學分證明書。 2.多管道見實習場所：擁有六家附屬醫院的醫學大學，包含臺北醫學大學附設醫院、萬芳醫院、雙和醫院、臺北癌症中心、新國民醫院及臺北神經醫學中心，共四千餘床的規模，已成為國內最大版圖的醫療服務教學院所之一，另與多家醫學中心結盟，具有豐沛學習環境。 3.本校與國立臺北大學、國立臺北科技大學及國立臺灣海洋大學組成「臺北聯合大學系統」。 4.另與東吳大學、文化大學、世新大學、淡江大學、銘傳大學、輔仁大學、實踐大學、大同大學、中原大學、逢甲大學及靜宜大學組成「優久聯盟」。
111,私立,一般大學,1029,中山醫學大學,1916,0,1588,44,83.27,為發揚中山醫學大學校訓-誠愛精勤之精神， 本校教育目標是以培養優秀之醫學人才、研究高深醫學知識，以提昇醫療品質， 使國人獲得最佳之醫療照顧並尊重每位病患應有之權益為宗旨。 本校以教學、研究及臨床服務為三大任務， 且以培養傑出醫學人才為主，因此本校之教學，除教導學生追求豐富之醫學知識外， 更重視其完整人格養成，藉此實現創校之目標，進而使中山醫學大學成為世界優質之醫學教育中心及醫療重鎮。
111,私立,技專校院,1030,龍華科技大學,2826,1,2360,604,86.44,本校自民國58年創校以來皆秉持「務實、卓越、創新」之核心理念，以「培育兼具專業技術及人文素養的博雅科技實務人才」為教育宗旨。民國90年因辦學績優成為北臺灣地區第一所私立科技大學，但仍堅持定位為「為產業培育優質實務人才、提供創新技術服務之卓越實務應用型產業大學」，以培養產業界所需之優質實務人才為主要教育目標，避免純學術化，堅持保有創校時鮮明之技職教育特色，相關績效卓越。本校亦連續5年榮獲《Cheers》雜誌評選為全國TOP 20辦學績優學校。近年來，本校整體辦學績效卓著，被教育部遴選為辦理自我評鑑之學校，108年度管理學院及各系通過華文商管學院認證（ACCSB）；109年度工程學院各系通過IEET國際技術教育／資訊教育（TAC/CAC）週期性認證；109學年度通過科大校務評鑑及人設學院各系自我評鑑。辦學績效獲教育部肯定，連續5年獲高教深耕計畫，補助金額連續5年成長。
111,私立,技專校院,1031,輔英科技大學,3086,0,2257,111,74.07,本校於民國47年創校，為全國第一所私立醫護類職業學校，民國91年改名為科技大學，為第一所除了護理類科之外，發展相關醫學、理工與人文的私立科技大學。為全國科技大學中唯一設有附設醫院的學校，以培育健康科技專業人才為教育目標。本校設有碩士班、四技、二技及五專四種學制，共16個系所，並榮獲教育部之高等教育深耕計畫、優化技職校院實作環境計畫、產業學院計畫、勞動部就業學程計畫等，爭取補助金額達1億元以上。連續5年榮獲亞洲學生交流計畫白金獎及6次日本名古屋世界青年會議白金獎。醫護國考證照通過率均超過全國考照率，護理師通過率達8成以上，歷年來多位學生國考名列前十名，成績顯著，其中護理師、醫檢師、營養師及工業安全類科皆榮獲全國榜首及第2名。105-109學年度畢業生之升學就業率皆近9成。校內設有10個通過政府認證的專業技術鑑定試場並設置高齡全程照顧人才培育中心與老化及疾病預防研究中心。
111,私立,技專校院,1032,明新學校財團法人明新科技大學,2888,0,2154,300,76.98,產業大學 企業最愛 ：  2021及2022連續2年1111人力銀行「企業最愛大學調查」排行私立科大全國第三名、桃竹苗區第一；「104半導體人才白皮書」調查為2021半導體業最愛大學生前5大，與臺清交成並列；遠見雜誌2022「臺灣最佳大學排行榜」名列私立科大前12強，「國際學生數比」指標排名全國第二，同時入選「年度MVP學校」辦學最佳私立科大Top10，「2022企業最愛公私立技職科大調查」名列「工程」、「資訊」領域的企業最愛私立科大第二，畢業生起薪私校第一，優於國立科大。  技職金牌 入學即就業：  以「產業大學」為定位，新成立「半導體學院」及「半導體封裝測試工程師能力鑑定考場」，結合AR、VR建置「APEC國際會議模擬教室」，設置「智慧製造人才培育基地」，增設全國第一個「風力發電學士學位學程」，秉持務實致用的技職教育精神，課程融入產業趨勢，企業合作育才首選，學用零落差，學生畢業即就業！
111,私立,一般大學,1033,長榮大學,2421,0,1264,59,53.35,長榮大學之擘劃設立，乃沿襲臺灣基督長老教會之歷史傳統暨文化特色，承續英國宣教師敬虔上主、啟迪智慧，渡台興學傳道之精神，竭志弘揚真道，恪遵　基督耶穌公義、博愛、救世愛人之教訓，崇尚民主自由學風，恢宏創意思考，拓展國際視野，致力全人永續教育，美化身、心、靈，肯定生命尊嚴與價值。教育宗旨：長榮大學之創設，秉持基督耶穌救世愛人之精神，旨在造就負有「虔誠、勤奮、榮譽、服務」之博學宏才，胸懷國家、貢獻社會、服務人群，務期實踐辦學之異象與使命。教育目標：建立自由、民主、多元、開放學風的校園，揭櫫「終身教育」的理念，培育能學問思辨、適應創新、卓越領導、前瞻宏觀，並著重「管理科學」、「健康科學」與「人文社會」、「資訊工程」、「宗教研修」素養之優秀青年，期使他們成為兼具博愛、公義、服務與奉獻精神之高級知識份子和現代化公民。
111,私立,技專校院,1034,弘光科技大學,3411,0,2955,103,87.02,"本校秉持「以人為本、關懷生命」的辦學理念，招生系所科有：護理系所(含博士班)、護理科、學士後護理系、物治系、營養系所、生科系所、動保系(含學士學位學程)、語聽系、老福系所、健管系所、食科系所、餐旅系、妝品系所、美髮系、幼保系、文創系、運休系、溝通英語系、多遊系、環安系所、醫工系及智科系。本校辦學績效深獲肯定，108-111年度共獲教育部高等教育深耕計畫經費補助達4億7,016萬元(108年度1億1,300萬元、109年度1億1,847萬元、110年度1億1,902萬元、111年度1億1,967萬元)。108學年度科技大學評鑑結果，全數獲得通過。108學年自辦品保認定審查結果，15個受評系所全數「認定」，是國內技職校院第一所獲此佳績的學校。本校現階段以提升畢業生多元競爭力、擴增產學創新研發能量、加強社會參與善盡社會責任為目標，朝向「健康與民生領域的頂尖科技大學」之願景邁進。"
111,私立,一般大學,1035,中國醫藥大學,1721,0,1614,130,94.22,大學部招生特色說明：  一、以本校校訓「仁慎勤廉」為培育人才之最高原則，培養兼具科學能力及人文關懷素養之醫事人才。  二、配合多元入學之機制，落實公平公正，平衡城鄉及適性選才之功能。  三、促進各系發展自我特色。  四、保障弱勢學生教育機會。    研究所招生特色說明：  一、彈性招生：  (一)每位考生可跨院報名3個系所，提供學生多元選擇興趣及研修領域  (二)系所不分組招生(教學分組)。  二、鼓勵優秀大學部學生上修碩士班課程，於正式進入碩士班後，可抵免部份課程學分，縮短修業年限。  三、逕讀博士班：  (一)以學生正向學習態度為口試甄選之要項   (二)鼓勵本校優秀學生逕讀博士學位，縮短修業年限。  四、提供優秀研究生入學獎勵及各項獎助學金，吸引優秀學生就讀。
111,私立,技專校院,1036,健行學校財團法人健行科技大學,3174,0,2090,293,68.73,1.重視品德人格教育：本校校訓「好學有禮」，目的為型塑「有禮」的校園文化，以身教及境教培養學生的職場倫理與工作態度。  2.推動專業與實務結合之特色學程與課程：本校課程規劃與教育部UCAN職業架構銜接的專業學程，使學生可以依其發展方向選修相關學程與報考相關證照，並開設實習課程，透過實習結合所學運用，協助培養學生的職場競爭力。  3.多元外語文能力與國際交流活動：本校開設多種語言課程(例如：日語、英語、韓文、越南文等)供學生修習，以提升學生的國際競爭力。  4.重視多元學習與社團活動：本校將社團活動列入必修課程，讓學生除在校學習專業外，以培養群體活動與拓展人際關係。
111,私立,技專校院,1037,正修學校財團法人正修科技大學,5439,2,4128,444,77.74,1.教學品質保證：獲教育部『典範科技大學』之肯定；連續12年獲教學卓越大學獎勵，另被評比為產學合作頂標學校且科大評鑑成績超越國立科大。   2.學制設置完整：設博、碩士(在職)班、日四技、五專(土木及建築科)，進修部四技、二專、二技、產學攜手、雙軌旗艦與產學碩士等具實務導向專班，提供升學與就業機會。   3.招生管道多元：提供技職繁星入學、特殊選材、高中申請入學及技優甄審、甄選入學、運動績優單招、聯合登記分發、日四技單招及四技進修學制單獨招生等多元入學。   4.落實技職特色：每年邀請近千位產業界專業人士協同授課與產業實質接軌；更連續24年獲頒產學合作績優獎，全面提升學生實務力與就業競爭力。   5.優渥獎助學金：訂定研究生、四技新生等入學獎勵辦法，入學後提供各類獎學金、助學金及工讀機會。
111,私立,技專校院,1038,萬能學校財團法人萬能科技大學,2716,6,1975,129,74.11,1.航空城大學全國唯一：離桃園機場最近的科大享享豐富航空產業資源。2.億元獎助學金北臺灣之冠：近5年(106-110年)獎助學金總額達6億元。3.全國技能競賽冠軍二連霸：110與111年全國技能競賽勇奪11金5銀8銅，總獎牌數(46座)與金牌數蟬聯全國第一。4.電競專班全國冠軍：110年教育部指導英雄聯盟勇奪冠軍。5.校園優美學習空間首屈一指：河濱大道與五星級宿舍，生活學習空間北部科大首屈一指。6.高教深耕教學卓越重點大學：教育部肯定整體發展績優科大。7.實習就業全國第一：大四全面實習，就業率全國名列前茅。8.國家檢定考場全國第一：勞動部肯定國家級考場數量與設備全國之冠，協辦11職類全國技能競賽。9.航空餐旅全國最大：觀光餐旅暨管理學院人數達5000人，跨2種以上專業領域學習，提昇國際就業競爭力。10.交通便捷生活機能完備：鄰青埔高鐵特區，三鐵與機場便利交通網，中壢車站每十分鐘發車到校內。
111,私立,一般大學,1039,玄奘大學,664,0,396,37,61.77,玄奘大學是由佛教界集資興建的高等教育學府，民國86年3月25日奉教育部核准成立，並於86學年度開始招生。93學年度獲教育部正式核定升格大學，配合增設系所及學院系所調整，分別設立社會科學院、傳播學院、國際餐旅暨管理學院及藝術設計學院，建構完整的大學學院組織架構。本校獲得教育部教學卓越計畫補助，在大學校務評鑑，獲高等教育評鑑中心五個項目全數認可通過，未來將持續深耕成為教學卓越大學。本校的設校宗旨為：研究學術、培育人才、傳授知識，並以正知正見闡揚真理，淨化人心，服務社會，促進國家發展。為德業陶冶、悲智本懷、勤奮自發、堅毅自強等精神，訂定德智勤毅為校訓。因此，本校秉持效法玄奘堅毅精神，開創承先啟後的生命無限價值；透過全人教育，以期能透過專業學院一通識教育，由專業發展、個人自主、社會關懷、職涯發展幾個面向，培育兼具專業職能，自主與務實、人文與社會關懷、多元文化視野的玄奘人。
111,私立,技專校院,1040,建國科技大學,1639,0,1085,58,67.35,1.教室、實驗室、辦公室、學生宿舍全面空調化，圖書館資訊化。  2.工程學院全面通過技術教育認證(TAC)。  3.與上銀科技、漢翔航空、鴻海科技、寶成工業、健椿工業、全興工業、九族文化村、宏全國際、統一渡假村、福泰商務飯店、永豐棧酒店、曼都國際、媚登峰國際、泰金寶科技（海外）公司等數十餘所大型企業簽訂產學合作，提供學生實習及就業機會。  4.重視創新研發與產學合作，協助中部地區中小企業之創新研發，提升企業競爭力。  5.訂有學生基本能力畢業門檻及相關輔導措施，鼓勵學生參加海外實習提升學生之國際就業競爭力。  6.與國內67所高中職結合成策略聯盟合作關係，共享教育資源。  7.重視大學國際化與15個國家216所大學簽訂合作協議。  8.訂定健康、綠能、智動化為發展核心，並融入教學成為特色。
111,私立,技專校院,1041,明志科技大學,1032,9,982,34,96.12,本校設有工程學院（機械工程系、電機工程系、電子工程系）、環境資源學院（化學工程系、材料工程系、環境與安全衛生工程系、環資跨領域實務菁英班、半導體材料與製程學士學位學程）、管理暨設計學院（工業工程與管理系、經營管理系、工業設計系、視覺傳達設計系、數位行銷設計學士學位學程/實務專班）、不分院(工業人工智慧學士學位學程)，化工系另設生化工程碩士班，並設立能源電池科技博士學位學程與生醫暨醫材研發國際博士學位學程。本校綠地廣闊、景緻優美、讀書風氣盛，實施全薪專業工讀實習制度，與約150家中大型企業合作，大三學生均須在國內外企業實習一年，畢業即就業。秉承創辦人王永慶先生、王永在先生辦最好大學理念，自創校起即以著重勤勞樸實態度養成，實施全體住校、書院輔導、工讀實務實習等制度，加強專業知能培訓、充實通識教育及服務學習涵養，推動身心靈均衡的全人教育，培養畢業生成為產業最愛人才。
111,私立,技專校院,1042,台鋼學校財團法人台鋼科技大學,1224,0,300,0,24.51,高苑科技大學是全國唯一座落在「科學園區」內的國際型科大，為學生HOLD住國際級大廠的就業機會；配合政府新南向政策，開設產學合作國際專班，招收來自印尼.越南.菲律賓及柬埔寨等多國優質學生，連結海外實習達成國際產學合作雙贏的局面，是一所優質的「國際型科技大學」；積極推動學生前往日本、美國、加拿大、新加坡等地海外實習，培養學生的跨文化溝通能力並拓展國際視野，使學生在就學期間就已經寫下人生第一張黃金履歷表；首創「一生六師」(班級導師、業界導師、課程教師、課程業師、職涯導師與實習場域導師)，與產業界一同培訓每一位在校同學；積極推動三創（創意、創新、創業）教育，也鼓勵師生投入專利發明，亮眼成果高度表現在國際發明與設計競賽；累計獲超過740面國際發明與設計競賽獎牌；國內外競賽共獲1472件獎項，榮獲德國紅點、IF、美國IDEA設計大賽大獎，成果獲國內外肯定；另設有卓越園區提供多元教學實習場域及交流園地。
111,私立,技專校院,1043,大仁科技大學,1830,2,1370,25,75.28,本校創校55年，以藥學起家，系所專業類別多元，設有藥學暨健康學院、休閒暨餐旅學院、人文暨資訊學院等3個學院，包括：5個研究所、17個系所(含學位學程)。因應國內邁入高齡社會之潮流發展，依據本校「藥護智慧健康產業創新應用科技大學」之定位，開展智能藥學應用於教學與研究，整合護理、社工、長照等相關系所，聚焦「健康促進、關懷服務」，實踐本校成為「智慧藥護跨域長照人才培育中心」的目標。各系均建置與時俱進的專業實作設備，並不定期安排企業參訪及業師協同教學等，為學生之實習與日後就業預先鋪路；另設有融滲服務學習的通識課程。全校各系皆開設校外實習課程，建教實習合作廠商超過700家，畢業生就業率達90%以上。學生亦可參與常態性的海外實習、國際志工、參與國際發明展等活動，提升國際視野。每年開辦各類就業學程、產業學院課程，以學生為本，提升學生就業競爭力，學習、實習、就業、創業一條龍，畢業沒煩惱。
111,私立,技專校院,1044,聖約翰科技大學,389,1,137,0,35.31,本校提供多元的入學管道，設有【工程學院】、【商管學院】、【民生與設計學院】共3學院、9系、5研究所。招生學制計有日四技、進四技、進二技、進二專、碩士班、碩士在職專班，培育德才兼備，具整合與實作能力的人才。進二專以科技大學的教育資源，培育具創意思考、學用合一及務實致用的專科人才。本校日間部四技學生可參加校外企業實習、進修部與企業合作，提供同學日間工作機會，同學可依據專長與個人性向選擇適合的廠商就業。
111,私立,技專校院,1045,嶺東科技大學,2698,0,2290,35,85.07,本校自創校之初，即以「學以致用、誠以待人」為校訓，原以培育會計人才為辦學目標，並積極培育各領域產業發展所需的中高級商管專業人才，其後在臺灣由代工生產轉型發展下，成為商管及資訊並重的技術學院；近年則配合全球文創風潮大興，擴大培育追求創意設計與生活美學的設計與時尚人才。辦學目標秉持穩健發展，衡酌國際潮流及高教發展趨勢，在校務發展的整體方針上，以「專業優質、穩健成長、精緻規劃、特色創新」為辦學理念，以培育具有全人素養、專業知能、資訊運用及國際視野的優質人才為教育目標，近年更以「1.整合院系資源，打造特色專業；2.深化實務教學，對接產業需求；3.鏈結熱門產業，強化產學合作；4.鼓勵師生創業，實現育成創新；5.精進學生輔導，提升就業成效及6.活化既有資源，實踐社會責任」等六大面向凸顯辦學特色，期許成為一所「教學卓越的專業應用型大學」，並朝向「臺灣技職教育特色學府」的發展願景邁進。
111,私立,技專校院,1046,中國科技大學,2769,0,1653,30,60.13,"卓越教學豐碩：107-111年獲教育部補助共3億6,595萬元。 企業捐資助學：研揚科技捐資1億元，信義企業集團捐資4,273萬元。產學創新績優：與(490) 352家企業夥伴簽約，獲部會學生創業競賽獎累積617萬。競賽成果超群：2022年15座德國紅點設計獎，2022年洛杉磯獨立影展「最佳國際學生短片獎」、「最佳新人獎」，第55屆休士頓影展榮獲四項大獎，1111人力銀行「企業最愛大學2021調查」，全國私立技專校院第八。專業特色--規設院：規劃設計到智慧營建/數位影音到虛實擬真/技術專精到多元專長。管院：國際化服務溝通、智慧化服務管理、跨域企劃管理。資院：App安全檢測與開發、大數據智慧商務、智慧物聯網應用。"
111,私立,技專校院,1047,中臺科技大學,2781,0,1808,55,65.69,目前本校教學單位設有健康科學院、護理學院、人文及管理學院等三學院、15系（內含7系所合一碩士班及1博士班)、2獨立研究所與1碩士學位學程，以培育技術專業與人文關懷兼備之大健康產業優秀人才。此外本校亦開放多元學制與上課時間，提供高中職以上成人學習與在職進修，進修部上課時間多元，方便在職人士進修，務使社會青壯年能兼具經歷與學歷，成為社會中堅主力。於民國77年奉准成立夜間部醫務管理科後，陸續增設二年制夜間部護理科、醫事技術科、食品衛生科、放射技術科、幼兒保育科及資訊管理科，成為社會人士及產業員工繼續教育之重要管道。107年因組織再造，將日間部與進修部進行整併成為日進合一，並於教務處下設進修組統籌進修部業務;目前有12個系設有四技進修部，4個系設有二技進修部及4個在職專班研究所。
111,私立,一般大學,1048,亞洲大學,3196,0,2511,100,79.22,亞洲大學是一個前瞻，有遠見且快速成長的學校。創校四年即改制為亞洲大學，我們有新穎的教學設備與完善的學  生宿舍，不同性質的社團，豐富您的大學生活，達到身、心、靈的健康發展。除了注重專業知識的教導，我們也  重視人文素養及推動品德教育的提升，積極打造「人文特色和典雅藝術的花園大學」，例如：羅馬競技場外觀的  室內體育館、仿歐洲古宮殿外貌的行政大樓及圖書館，校園綠意盎然，襯托大小荷花池和太極湖，荷香凌波，桃李成蹊，校園處處有世界名家之藝術真品。亞洲大學附屬醫院也於105年8月1日起營運，秉持「救急、救心、救腦、救命」使命，照護臺中、南投、彰化等鄰近百萬民眾身體健康，並可提供亞大學生最近、最完善的實習場域，達到「專業、實習、就業」一條龍培訓，極受學生和家長喜愛。
111,私立,一般大學,1049,開南大學,1655,0,1173,94,72.44,一、開南大學設有商學院、觀光運輸學院、資訊學院、人文社會學院、健康照護管理學院、法律學院等六大學院。   二、擁有鄰近國際機場的優勢，培養具有國際前瞻性的觀光餐旅、物流及空運人才，並為順應資訊、網路為主軸的時代來臨，培養資傳、資管及數位媒體專業資訊人才。   三、為建立開南人隨時掌握全球資訊、吸收新知，本校設有樂活中心、大數據生活智慧館、語言教室、東京館、無線上網、4K影視後製中心、實驗劇場、主播影劇空間等，提升全校師生在E世代競爭環境應具備的國際化設備。   四、本校強調國際化人才的培育，推動全英語教學的商學院國際榮譽學程，並建構英語化的學習生活環境，開南人培育優質的世界公民，學習英語就在開南。   五、一流專業師資，重視教學品質，本校高達9成博士級師資比率領先全國(助理教授級以上師資)。   六、本校設有新生入學獎助學金及學業、證照獎學金以培植優秀學子。
111,私立,一般大學,1050,佛光大學,1100,1,772,37,71.21,本校位於宜蘭縣礁溪鄉，自民國82年開始籌設，歷經7年的環境影響評估及校區雜項工程施工，投入10餘億資金及無數人力物力，於89年7月正式招生。本校係一所社會性、綜合性的大學，不僅重視學生的專業能力，更在乎全人的發展。開辦之初，先獲准招收研究所，後再陸續開設學士班，其目的是以「碩、博士班」為基石，穩固教師質量及教學品質，並以研究所的先修理念規劃學士班的課程，期許同學可以具備成熟的人格特質和基本的學術研究能力。本校現有6個學院、15個學系及1個獨立研究所，學制含括學士班、碩士班、碩士在職專班及博士班，本校除榮獲教育部教學卓越大學、高教深耕計畫，並以發展精緻教學型大學為目標，積極鼓勵教師精進研究、激勵學生學習動機及提升學習成效、促進生涯與職涯發展，同時提升研究特色品質與增強國際化程度，以追求永續發展邁向卓越。
111,私立,技專校院,1051,台南家專學校財團法人台南應用科技大學,3009,0,1961,27,65.48,1.重大建設：110年10月竣工啟用的中央文創工場，提供學子更完善的教學實作空間。  2.教學卓越：107-111年獲教育部高教深耕計畫，5年共約1億9000萬餘元。  3.文創領航：以文化創意融入教學，學風自由活潑，重視創意發想。  4.多元價值：德、智、體、群、美、技六育並重，強調服務學習，培養體魄品德。  5.務實致用：強調實務學習，就業導向教學，與職場工作無縫接軌。  6.國際視野：營造國際化學習環境，促進學生國際交流，提升學生國際移動力。
111,私立,技專校院,1052,中信金學校財團法人中信科技大學,1153,0,570,110,53.84,"本校於民國89年開始進行創造力教育，並以創意實踐(I：Innovation)、人格教育(D：Discipline)、卓越教學(E：Excellence Teaching)、產學聯盟(A：Alliance)與關懷學生(L：Love)之IDEAL100為本校發展理念。檢視過去幾十年來執行成效，不論是在各種制度建置、教學環境改善、學生學習成效改善、學生就業能力提升等方面，皆有大幅的進步。其中，在創意教學部分：培養學生「想得到」能力，師生專利申請件數已超過5,175件，連續18年全國大學第一。在創新研發部分：培養學生「做得出」能力，國際發明展獲獎獎牌已超過680面，其中金牌超過230面，全國大學第一。在創業育成部分：培養學生產品「賣得掉」能力，創業競賽名揚國際。綜上所述，本校已儼然成為國內三創教育的標竿大學。"
111,私立,技專校院,1053,光宇學校財團法人元培醫事科技大學,1795,0,1133,5,63.22,元培醫事科技大學發展定位為大健康產業人才培育基地，以「創新、整合、智慧」的執行策略達成「健康技職標竿」、「教學創新卓越」、「大學永續發展」、「醫事特色專業」的目標，並以「醫事科技」、「健康管理」、「福祉產業」為發展主軸，孕育大健康產業及醫護專業的人才，推動產學經營績效，與社區、社會及產業脈動緊密結合的企業型大學。本校在企業最愛大學中名列前茅，為學生提供就業所需的學習和準備，除專業訓練外更安排學生至國內外各大醫院及業界實習與見習。策略聯盟及產學合作廠商超過500家，是全國與生醫相關企業簽約最多的學校，為全國承辦/協辦最多地方政府健康城市及食安五環的科技大學；為中北八縣市唯一醫護健康專業學校；擁有全國唯一勞動部設立醫護職涯體驗中心；影像醫學博物館；智慧精準運動中心的大學；是企業最愛本職在職率最高及高薪就業率高之學校。
111,私立,技專校院,1054,景文科技大學,1697,0,1130,207,70.22,1.112學年度本校日間部四技招生為11學系、9組，四個學院1.觀光餐旅學院2.商管學院3.人文暨設計學院4.電資學院。 2.本校注重產學雙向交流，推動學生校外實習與海外實習，迄今與19國157校(單位)海外合作學校簽訂合約，111年度教育部學海築夢計畫293萬，北部公私立大專校院第一。為培養學生具就業競爭力，大一至大四規劃一系列輔導課程與活動，以達畢業即就業之辦學宗旨。3.本校教師多具實務經驗，符合科技大學教育政策。 4.本校日間部學雜費屬國內私立科技大學中收費較低者，在公益董事會督導下一切學校收入用在教學研究。 5.1111人力銀行：2020年企業最看好年輕潛力大學【北區第一/全國第五】，2022年最受企業青睞【北北基第六】、最愛人才【全國第七】、藝術時尚學群【全國第三】。6.安坑輕軌通車後【K5景文科大站】交通更便利。
111,私立,技專校院,1055,中華醫事科技大學,2833,0,2158,6,76.22,創校54週年的中華醫大，一向來強調全方位的教育理念，教育目標除了專業知能的發展外，也重視學生人文素養與社會關懷精神的啟發，以培養能夠適應多元社會變遷能力的青年為職志。因此，不但提供多元化的學習環境，包括知性發展、語文思考能力表達、正確的工作態度，並訓練其獨立的人格、穩定的情緒、強健的體魄與團隊合作精神，讓學生能伸展觸角，作廣泛涉獵，達成全人教育功能，增進其競爭力與發展潛能。歷年來本校學生在醫檢師、護理師、營養師、食品技師等國家考試中，及格率屢創新高；安全衛生管理師、疾病分類員、中餐烹飪、西點烘焙、檢驗分析、保育員、保母、美容師等証照技能檢定考亦捷報頻傳。校內學生社團蓬勃發展，學生參與度高，在社團活動中快樂成長學習，值得一提的是，本校運動風氣興盛，重視強建體魄之鍛練，因此田徑代表隊健兒年年都在全國大專運動會上大放異彩。
111,私立,技專校院,1056,東南科技大學,1379,1,744,293,62.06,1.八輔合一，全人發展：透過融滲式教學在專業與博雅通識課程，融入品德教育，達到教育於無形的目的。以資訊系統進行學生學習歷程與輔導個別化紀錄，建立適性輔導系統並發揮輔導綜效。2.建構教學品保系統，維護學生受教權：學生學習品質管制則實施「1314」畢業門檻，即學生在畢業前必須取得1張服務證明；3類證照-外語能力證明、專業能力證照、資訊能力證照；完成1系修業規定；4門跨領域課程修習，為確保教學品質，參與IEET工程與科技教育認證，以提升教育品質並與國際接軌。3課程結合證照，輔導學生考取含金量高專業證照，本校擁有49個國家技能檢定考場，1個無人機操作執照考場，22個國際證照考場。4.學用合一，提升學生就業力：聘請業師進行協同教學，透過完整就業導向課程、證照輔導與專業實務實習，成為優質專業技術人才，並順利就業。5.多元多樣的跨領域微學分學習，提升創新創意，成就多元發展人生。
111,私立,技專校院,1057,德明財經科技大學,1638,1,1046,78,65.54,1.本校1965年創校，2007年改名科大，為國內第一所財經科技大學，秉持「篤信好學」校訓，培育財金、商管及資訊專長之學生。2.本校財金與管理學院有完整的商業類系，可滿足學生的興趣與選擇。3.推動就業學程、產學合作及校外專業實習，鼓勵學生取得證照，落實就業接軌。4.致力品格教育，推動服務學習、學程化課程設計，拓展國際交流、加強外語能力，增進國際觀，提升就業競爭力。5.榮獲2022年遠見雜誌調查之企業最愛私立科大第一名，以及畢業生起薪最高。6.自2019年至今連續榮獲「三好校園實踐學校」。7.三度榮獲「年度品格教育特色學校」。8.「學生會」社團榮獲2017至2022年特優獎。9.通過教育部108學年度科技大學校務類評鑑，各系/學程通過臺評會及管科會教學品保認證。10.與美國明尼蘇達州曼徹普立敦大學、日本星城大學等多校簽訂大學雙聯學位，取得雙聯學位學生人數為全國公私立技專校院中最多。
111,私立,一般大學,1058,明道學校財團法人明道大學,566,1,223,0,39.47,1.校園環境優美：51公頃校園綠意盎然，書院式建築，教學、休憩、運動分區機能完善，為有機生態及永續能源的示範校園。2.獎助學金多：提供多項新生獎助學金及助學措施，如：菁英獎學金(大學四年學雜費、住宿費全免)、第一學期國立大學收費、典範家庭獎學金、偏遠地區助學金、原住民新住民助學金。結合企業資源，幫助經濟弱勢學生安心就學。3.生活機能完善：學生宿舍皆為獨立衛浴套房。溫水游泳池、健身房、室內外球場、探索教育場等運動設施完善，多家客運公車進入校園，校內有便利商店、超市，生活機能健全豐富。
111,私立,技專校院,1060,南開科技大學,885,0,577,71,67.78,(一)獎助學金優渥：提供約三千萬元之新生入學獎學金。   (二)辦學績效卓越：本校連續十二年獲教育部教學卓越大學獎勵，並獲高等教育深耕計畫、USR大學社會責任計畫等獎勵，中部私立科大第一。   (三)交通路線便捷：本校距臺中火車站約30分鐘車程，並提供中彰投縣市六條便捷之校車路線，此外臺中市108路公車更以本校為起迄站，可直通臺中火車站及一中街商圈。   (四)學習環境優質：校園建置高速光纖及無線網路與全e化冷氣教室，透過教師自行設計的數位教材進行生動活潑的互動式教學。   (五)生活設施完善：校園內設置便利商店、美食餐廳、書局及新穎的冷氣網路套房式宿舍。
111,私立,技專校院,1061,中華學校財團法人中華科技大學,1766,1,998,56,57.88,本校配合政府培育高科技與管理人才之教育政策為依歸，秉持「誠正法新」之校訓，配合國家建設及產業發展之需要，培育科技與人文兼備之專門人才，以服務國家社會為宗旨，衍生出辦學理念為「落實技職教育、創新工商科技、推展全人教育」。本校定位為實務教學型科技大學，並以「培育具注重職業倫理、敬業精神、人文關懷的科技與專業人才」為教育目標，同時以「成為一所優質教學與產學合作具特色之科技大學」為發展願景。本校特別著重公民力、就業力與創造力等基本素養能力之養成，搭配相關課程訂定專業能力及社會能力等所需之核心能力，建立優質特色課程，並結合5G通訊傳輸技術之發展，推動數位化課程教學，以提升學校成效。同時藉由各項教學資源運用、產學鏈結、以及畢業能力檢核，期使學生畢業後能在工程、商業、管理、健康生活、航空等領域發光發熱，以全面提昇學生就業競爭力。
111,私立,技專校院,1062,僑光科技大學,2522,1,1816,47,72.55,僑光科技大學招生特色：  1.環境優越便利  2.深耕技職教育  3.大四全年實習  4.就業百分百  5.強調特色教學、點亮技職光芒
111,私立,技專校院,1063,廣亞學校財團法人育達科技大學,1526,13,1058,56,71.00,本校辦學為培養務實致用的應用服務管理人才，積極與地方產業合作，推動學生專業實習，落實技職教育特色。設有三個學院：(一)科技創新學院下設資訊管理系、行銷與流通管理系、多媒體與遊戲設計系、物聯網工程與應用學士位學程、智慧機電工程與應用系；(二)人文社會學院下設應用日語系、幼兒保育系、社會工作系；(三)觀光餐旅學院下設觀光休閒管理系、休閒運動管理系、餐旅經營系、時尚造型設計系。本校推動一證多照，開設跨領域學分學程課程、證照輔導課程及輔導考照措施，使學生畢業擁有大學文憑外亦擁有多張證照。本校與知名優質企業產學合作，推動學生全面實習無縫接軌就業，畢業生就業率達84%以上，選送學生進行海外實習、國際競賽、參訪研修或志工服務，拓展學生國際視野。另設資訊管理系、行銷與流通管理系及觀光休閒管理系三個碩士班，整合政府政策與地方產業特色，以觀光休閒、文化創意及健康生活三大主軸規劃教學內涵，豐富產業與學術視野。
111,私立,技專校院,1064,美和學校財團法人美和科技大學,2270,0,1555,1,68.52,一、培養學生新五倫好品德與五靜好習慣  二、推動三明治教學與適性教學  三、推動特色翻轉課程  四、推廣近身典範課程  五、推展學生海外帶薪實習  六、開設英語、越語及日語等外語課程供學生選修以提升其就業競爭力  七、辦理越南境外專班
111,私立,技專校院,1065,吳鳳科技大學,2045,1,1008,75,51.11,本校以「安全」為發展核心，積極建構「安全科技」「安全數位」「安全照顧」三領域，計有3學院14系4碩士班，為嘉義地區第一所，也是唯一一所科技大學，以培育專業能力與人文素養兼備、具有國際觀的時代菁英、注重研究創新與社會服務的學能為用。辦學上不斷的全方位扎根，提升教學設備和產業一致，藉由企業資源導入，縮短學用落差，提供學生厚實的學習機制，致力於「畢業即就業」，讓學生成為業界最喜愛任用的員工，是我們一直努力在做與進行的目標。辦學績效卓越務實如后：1.近4年取得230件專利。2.技能檢定/訓練場所數量雲嘉南第一，高達55種類別，22種專業能力認證教室；產學合作教育訓練中心數量雲嘉南第一。3.技職傑出證照達人獎9連霸。4.消防人才培育第一，消防專業證照、特考共錄取438名；每年接受考選部委託培訓「專技人員消防設備師（士）」。5.近3年學生參加國內外競賽與獲獎共計954件。
111,私立,技專校院,1066,環球學校財團法人環球科技大學,742,0,466,0,62.80,本校強化結合與高中、職校以策略聯盟方式進行實質資源共享，增加學生對本校辦學績效的認識，並藉此方式行銷學校特色。另外，針對有升學意願但仍須兼顧經濟壓力之學生，本校持續加強推動契合式產業班，透過與產業界合作方式，強化與高中、職校輔導室、實習處或建教合作單位聯繫；針對各機關、學會、工會或縣內產業等團體各合作單位實際需求，規劃課程並開設產學班，提供人才培育機制，提升職場人員競爭能力，並拓展新生來源。最後加強對於社會弱勢族群提供進修的機會，依據實際需求開設相關課程，以提升職場競爭能力為目標。
111,私立,技專校院,1069,修平學校財團法人修平科技大學,1581,0,878,71,57.45,本校前身為臺中「樹德工專」，為工科起家之中部優質學府。民國100年升格科大後更名為「修平科技大學」，培育大臺中地區學子已逾半世紀。本校特色如下：1.培育百工百業人才：本校設有工程學院、管理學院及觀光與創意學院等。無論就基礎工程工業人才建構，科技時代金融服務產業骨幹栽培，新興觀光產業與文化精英涵養等，都能提供各面向教育資源，孕育學生專業知能以注入社會新血能量。2.在職可進修，修習可兼職：本校提供各種學制，除日間部外，另有四技進修部與二技進修部，可於夜間或週六日上課，讓仍需工作者有機會同時進修學業；同時本校是全臺唯一坐落於工業區之科技大學，學生就近兼職機會更多，實為就讀本校之附加利益。3.校外實習累積職場競爭力：本校提供知名大企業實習以增進實務經驗，或者海外實習/研習以拓展國際視野，為學生儲備未來職場不被取代的優勢。
111,私立,技專校院,1070,長庚學校財團法人長庚科技大學,2201,0,2159,5,98.10,1.本校辦學績優，深獲學生、家長與社會肯定：(1)所有系所通過臺灣評鑑協會「專業學門教育認證」，系所教學品保機制佳。(2)遠見雜誌「2022臺灣最佳大學排行榜」，於私立科技大學中，教學表現第1、財務體質第2，整體綜合排名第3。(3)111學年全校新生註冊率達98.1%。  2.本校設林口及嘉義校區，「四技」日間部設護理系、幼兒保育系、化妝品應用系、保健營養系；「二技」日間部設護理系、高齡暨健康照護管理系、呼吸照護系、化妝品應用系、幼兒保育系；「二技」進修部設護理系、高齡暨健康照護管理系、幼兒保育系；「研究所」設高齡暨健康照護管理研究所、健康產業科技研究所、護理系日間部碩士班及碩士在職專班。  3.招生專線林口校區03-2118999轉5533(日間部)、5605(進修部)。嘉義校區05-3628800轉2361(日間部)、2371(進修部)。
111,私立,技專校院,1071,城市學校財團法人臺北城市科技大學,2910,0,1976,285,70.77,本校辦學特色分為校務精進主軸及特色發展主軸；校務精進主軸包含：1.關鍵職場技能扎根、2.國際移動能力培育、3.品德養成輔導扶弱、4.教師專業產學攜手、5.產業人才培訓接軌；特色發展主軸包含：1.一畢二語三獎四證、2.三創基磐實作磨練、3.科技潮流實務融入、4.多元交流學涯飛颺、5.職涯實習分流學習
111,私立,技專校院,1072,大華學校財團法人敏實科技大學,185,0,116,38,69.06,本校校訓為發揚『敏於思、實於行』的精神；四大核心價值觀(正直誠信、相互信任、團隊合作及引領變革)並培育複合型人才培養T型人才之方向，讓師生們積極學習並配合組織需要進行積極自我成長，願意成為主動擔當、積極創新、敏捷實幹、韌性十足之敏實科大成員，為本校的轉型及人才培育盡最大的力量。學校教育目標為：一、培養人工智慧專業技能之技職人才；二、培養服務社會終身學習之技職人才。人才為企業之本，敏實集團攜手敏實科大，形成發展綜效。敏實集團全球資源為敏實科大發展的後盾，有利永續經營。企業集團攜手科大及早培養具有全人素養及企業價值觀與DNA之儲備人才，以減少培訓成本與時間，達到雙贏的結果，發揮企業辦學綜效，支持敏實科技大學，致力朝向於AI人工智慧專業大學發展。
111,私立,技專校院,1073,醒吾學校財團法人醒吾科技大學,2355,1,1372,271,62.59,"一、本校堅持「實務與證照結合、專業與全人並重」的教育理念，獲得：  1.教育部高教深耕計畫5年3.29億元，109及110年度每年補助均超過6,800萬元。  2.優化技職計畫獲得1,700萬元補助。  3.107-110年陸續獲得教學創新先導計畫、創新創業扎根計畫、教學實踐研究計畫、前瞻人才培育計畫等多項補助。  二、本校各系與300多家企業簽訂合作契約，如：阿里巴巴、伊林娛樂、旺旺中時、三立、東森國際、1111人力銀行、東方文華、君悅、Diamon犇（米其林級）等，達畢業即就業。  三、學生參與各項國內外競賽屢創佳績，107-110年度總計榮獲718項國內外競賽獎項。  四、學校表現獲得各方肯定  1.107年獲教育部「生命教育特色學校」表揚。  2.108年獲得教育部「品德教育特色學校」表揚。  3.109年獲「2020 TCSA臺灣企業永續獎」大學USR永續方案-銅牌2案。"
111,私立,技專校院,1075,文藻學校財團法人文藻外語大學,2104,0,1509,58,72.48,秉持「尊重個人尊嚴，接受個別差異，激發個人潛能，為生命服務」的教育理念，培育具有「熱愛生命、樂於溝通、服務領導」核心素養的國際觀及專業素養之外語人才。建校至今，外語課程皆以「全外語」授課，培育學生聽說讀寫的能力。此外，研究所碩士班及碩士在職專班提供實務導向課程，教師帶領研究生與產業界進行專案合作，拓增實務經驗。日四技學生均需修習24個必修英語學分，進四技學生則均需修習16個必修英語學分，以厚實英語能力，增加個人的競爭優勢條件。五專部實施全國唯一的「雙外語課程」，專科部前三年，每位學生必需同時修習兩種外國語文，四技大學部專業課程兼顧理論與實務，且學生可依興趣及就業需求選擇修習學程、雙主修與輔系，以提升其外語能力及專業職能，為職涯做好準備。另為培養學生健全人格，特設立吳甦樂人文學院（含體育教學中心、通識教育中心、吳甦樂教育中心），培育身心靈整合發展的社會公民。
111,私立,技專校院,1076,華夏學校財團法人華夏科技大學,1291,0,545,4,42.39,本校109學年度整合成立智慧車輛系並與著名歐系車廠合作將於淡海校區建置實習場域，另提供嶄新落成學生宿舍500床，學生在學期間須充實1項專業領域技術、2張證照(職能、資訊)及3種能力(閱讀素養、創新創意、職場倫理)。109學年度專業類系所委託臺評會實地評鑑全校11系所獲評鑑通過。110學年度教育部技專校院實地評鑑，本校四大評鑑項目皆獲通過。各系所發展特色：機械系機電整合及機械設計製造；電機系能源科技與智慧生活科技；資工系APP設計應用及網路技術管理；智慧型機器人研究所培養產業型與服務型機器人人才；智慧車輛系車輛修護及電動車輛實務技術；資管系智慧商務管理應用；企管系智慧零售與SDG永續物管；建築系數位構築與文創設計及永續環境暨建築與室內設計整合；數媒系影視動畫及遊戲設計；妝應系美容妝品科技及整體造型設計。
111,私立,技專校院,1077,慈濟學校財團法人慈濟科技大學,815,0,688,43,85.20,本校為「佛教慈濟慈善事業基金會」證嚴法師所創辦之教學志業，以培育具有關懷社會、尊重生命、人文素養及大愛精神之專業人才為宗旨。研究所碩士班設有長期照護研究所、放射醫學科學研究所及護理系碩士班、資訊科技與管理系碩士班及醫務暨健康管理系碩士班；大學部設有日間部二技護理系及四技護理系、醫學影像暨放射科學系、資訊科技與管理系、醫務暨健康管理系、行銷與流通管理系及進修推廣部二技護理系；專科部設有日間部五年制護理科，招收一般生150名及原住民專班100名，並於108學年度增招新住民子女專班30名。106學年度教育部科技大學綜合評鑑校務類-評鑑結果「通過」，108學年度大專校院教學品保服務計畫─專業系所評鑑，更獲得全數通過！2020世界大學影響力總排名，今年首次進榜，名列全球201-300名，在臺灣上榜的24所大學中，名列第5名，本校是宜、花、東地區第一所科技大學，更成為東臺灣技職教育的指標性學府。
111,私立,技專校院,1078,致理學校財團法人致理科技大學,2656,0,2405,54,90.74,致理創校58年，辦學績效備受各界肯定，是一所「註冊率高、證照總張數高、學生品德態度高、就學率高、雇主滿意度高」的「五高」學府。本校定位為「培育卓越商務實務人才之創新學習型大學」，設有「商務管理學院」、「商貿外語學院」及「創新設計學院」三個學院，共有2個碩士班及11個系科。招收「碩士班暨碩士在職專班」、「日間部四技」、「日間部二技」、「日間部五專」、「進修部四技」、「進修部二技」等學制，以招收「商業與管理群」、「外語群」、「設計群」、「餐旅群」、「電機電子群」及「資管類」相關科系背景之學生，透過申請入學、繁星計畫、技優甄審、甄選入學、聯合登記分發、特殊選才聯合招生(技職特才組)、獨立招生等管道進入本校就讀。培養學生具備商管、資訊、外語及實務應用的能力，推動「校外實習、專業證照、外語檢定、跨域學程、體能認證」五合一教育制度，使學生畢業後符合職場所需，進而提升學生就業競爭力、充分就業、幸福就業。
111,私立,一般大學,1079,康寧學校財團法人康寧大學,892,0,772,2,86.58,一、本校學制多元，共有：日間學士班、學士二年制在職專班、二專在職專班及五年制專科班，為一所大健康產業理論與實務結合的教學型大學。  二、位於捷運文湖線葫州站旁，交通便利  三、設有宿舍提供有需求的學生申請。  四、補助學生海外遊學及國際志工  五、每年有上百個校內外獎助學金  六、五年制專科班前三年適用高中職免學費方案  七、五年制專科班四、五年級可教育部展翅計畫，補助全額學雜費，畢業後保證就業2年。
111,私立,技專校院,1080,宏國學校財團法人宏國德霖科技大學,2077,0,1147,44,56.15,本校以培育具備職人精神與公民素養之專業技術人才的大學為培育目標及發展願景，在建立學校特色與口碑方面，致力落實及加強學生專業實務能力，相關具體做法如下：一、強化系實務特色課程教學-加強與業界互動，透過同學參與產學合作案及專題製作，磨練實務技能；辦理業師協同教學及微學程等多元課程，厚植職場見識及建立正確職場工作態度；並加強辦理學生校外實習，以營造系科特色與學生未來就業優勢。二、落實國高中職紮根活動-與上游生源學校進行多樣化接觸，並加強各項合作措施。三、積極開辦各項學程及產學學院專班，加強培育學生職場技能。四、配合國家產業政策，培育目前國家產業政策需要人才之相關系科，持續推動相關系科檢討畢業生就業定位，進行課程調整，並改善各項軟硬體設施，加強實務教學，使學生學用合一，為國家培養更多相關人才。
111,私立,技專校院,1081,東方學校財團法人東方設計大學,521,0,137,0,26.30,引領主流 建構唯一 本校創立於1966年，為國內唯一的設計高等學府，以「設計美學」與「國際宏觀」做為教育主體，以培育學生成為國際設計領航人才為追求目標。本校目前設有文化創意設計研究所博士班、文化創意設計研究所、美術工藝系碩士班、室內設計系住居整合設計碩士班、時尚美妝設計系碩士班、流行商品設計系碩士班、日間部四技、專科部、進修部、進修專校及進修學院等不同學制，提供學生升學及進修的多元化選擇。改名「設計大學」，立基於「三品五創」辦學理念，即是以「三品」、「五創」目標；以「創意東方、設計領航」自我定位；以培養「人文素養」與「人格特質」的「專業人才」為教育目標；以「設計創新能力、專題實作能力、文化涵養能力、科學素養能力、宏觀務實能力、服務利他能力、資訊科技能力、創意設計能力」為核心能力指標，最終以「建立一所創意與設計為特色的優質學府」為願景。
111,私立,技專校院,1082,崇右學校財團法人崇右影藝科技大學,319,0,279,3,87.58,本校學制有日間部四技與研究所，有三個學院：表演藝術學院、影視設計學院、觀光產業學院，包括12系及2研究所。表演藝術學院：表演藝術系、演藝事業系、視覺傳達設計系、時尚造型設計系；影視設計學院：文化創意設計研究所、影視傳播系、數位媒體設計系、創意商品設計系、攝影學士學位學程；觀光產業學院：觀光旅遊管理系、休閒事業經營系、經營管理系/碩士班。本校積極辦學，審度時勢快速創新轉型，教師來自業界之比例很高為各校少見，學生畢業與職場無縫接軌，並精準輔導學生參加國內外競賽屢獲大獎(例如德國紅點設計獎獲八座、全國知音音樂大賞獲十四大獎、全國育秀盃微電影類獲首獎等)，充分做到名符其實的技職教育，同時本校特別注重學生養成良好態度，培育學生具備技術精熟與態度優良作為進入職場的兩大優勢，歡迎有志青年加入本校，抓住成為人生勝利組的機會。
111,私立,技專校院,1083,台北海洋學校財團法人台北海洋科技大學,1485,2,1033,69,71.01,本校是一所以「培育海事與商業之專業技術人才」為宗旨之技職院校，本校為國內唯一擁有獨立教學碼頭並在臺北市與新北市設有校區之私立大專校院。系科規劃五星人才之教育願景，發展一系一特色，發揮各系科之學術研究能量，提供學術研究的行政服務，爭取學術研究資源，開拓各系科發展特色及學術研究水準。規劃跨校、跨系科的整合性研究，並在「專業(智)、忠誠(德)、勤奮(體)、堅毅(美)、服務(群)」的辦學理念下，朝專業、創新、卓越的優質海商學府邁進。
111,私立,技專校院,1084,亞東學校財團法人亞東科技大學,1108,0,788,5,71.25,1、強化亞東人特質培育：秉持4C（Creativity、Consideration、Communication、Cooperation）之基本能力培育，積極規劃亞東人優質專業人力培育新模式，落實「證照、專題與實習」的課程內涵，強化通識與英語文教育。 2、發展資通訊、健康照護、紡織產業與創新育成特色：針對環境優勢（亞東醫院、遠東通訊園區、鄰近土城工業區與新北工業區）及同屬遠東關係企業之特質，結合產業應用導向，將研究成果導入課程教學。 3、建構「實務化、資訊化、人文化、創新化、國際化」的校務基礎。 4、秉持誠、勤、樸、慎、創新校訓，發揮溝通、合作、創意、關懷理念，建立科技與人文融匯、專業與通識兼顧、理論與實務結合、創新與品質並重之特色。
111,私立,一般大學,1125,中信學校財團法人中信金融管理學院,340,0,291,4,85.76,中信金融管理學院以「公益為先、助弱扶優」辦學理念，以「建構亞洲最務實的專業金融管理學院」及「培育專業與博雅兼備的國際金融家」為發展願景，透過聚焦「博雅、宏觀、專業、務實」的發展方針，結合保障績優生畢業即就業之特色發展，塑造本校成為接軌國際潮流的專業金融管理學院。 中信金融管理學院為優秀學子打造「師資優、課程優、環境優、實習機會多」的安心學習環境，專業課程以語言及金融專業知識為主，提供精緻專業且多元務實的課程內容，由專業學者與集團資深經理人共同授課。透過「海外金融見習」、「海外微留學」等菁英育才計劃，讓學生站上世界舞台，拓展國際視野，培養具備國際觀與跨領域整合的金融管理專業人才，提升未來的國際移動力。為因應金融趨勢，學校也舉辦程式創客營、AI創客營、人工智慧論壇等活動，達到產學無縫接軌，落實亞洲最務實的金融管理學院的發展願景。
111,私立,技專校院,1148,大漢技術學院,380,0,269,0,70.79,"大漢技術學院位於後山花蓮中央山脈腳下，緊鄰太平洋之濱的臺九線上，經濟不利弱勢子弟眾多，以「培育弱勢學子一技之長、畢業成為社會良民」為職志與使命，期能藉由教育的傳承，協助翻轉弱勢學子的未來，並開啟催燦的人生。  對地方教育及扶助弱勢學生，向來不餘遺力，每年均提供高額獎助學金展現大學社會責任，111學年度就讀日間部四技休閒遊憩與觀光餐旅管理系原住民新生，辦理註冊原住民減免手續後享3年免繳學費，針對一般生則提供每學期領取5,000獎助學金可領6學期合計30,000元。如選讀進修部四技大一原住民新生，辦理註冊減免手續後第一學年免繳學費。為使學生儘早銜接業界，日間部大四學生全年到校外實習，達到學用合一的目標，學生每月薪資約25,250~32,000元，改善弱勢家庭的經濟。進修部及在職專班是本校學生來源的另一大部分，花蓮地區之在職人士多數選擇本校就讀。"
111,私立,技專校院,1168,南亞科技學校財團法人南亞技術學院,967,0,681,0,70.42,本校多元科系及優質設備與師資，提供學生適性選擇及良好的學習環境。因應國家募兵政策，本校積極配合國防部推動ROTC(大學儲備軍官訓練團)，並成為全國唯一且成效第一的「國防部ROTC專業大學」。本校結合國防部資源提供ROTC學生四年免學雜費及住宿費，每月再給優渥的生活費。讓學生享有大學生的自主校園生活，並接受軍事課程訓練，畢業後不僅取得雙專長及大學學歷更可任職軍官。本校結合國防部在各高中職設立國防培育班，在各高中職推廣ROTC，並推出菁英專案提供更完善的照顧給予優質的學生。本校也積極與各企業合作，共同推出在職專班，讓學生同時取得大學學歷，也搶先提升職場競爭力。近年與各軍團簽訂策略聯盟，合作關係密切，開設營區專班或證照班，積極鼓勵國軍在營進修，就讀本校進修部四技、二技、二專、或參加推廣教育證照班。
111,私立,技專校院,1183,黎明技術學院,1622,0,1158,201,74.55,配合專業特色之運作需求，本校計招收有4大學群12系科，其中「工程服務學群」包括機械工程系、電機工程系、車輛工程系等3系；「觀光餐旅學群」包括觀光休閒系與餐飲管理系2系；「時尚創意學群」包括數位多媒體系、服飾設計系、化妝品應用系、時尚經營管理系等4系；「演藝影視學群」包括表演藝術系、影視傳播系、戲劇系等3系。近年雖遭逢少子化衝擊，本校因系科規劃及專業特色尚獲肯定，招生率均可維持逐年成長，目前日間及進修學制學生合計約5千人。   近年各系均致力於實用課程規劃、專業教室建置、擴大校外實習、產學合作夥伴招攬及教學活動安排，藉以提升教學資源運用並增進學習效能。近年學校獲董事會大幅挹注，校園環境煥然一新，並積極建置、更新各系所需之專業教學空間，充分達到務實學習、無縫接軌產業之校務發展目標。
111,私立,技專校院,1185,德育學校財團法人德育護理健康學院,1686,0,895,138,56.63,一、本校校務規劃係以Care（關懷）為定位，Health(健康)為學校發展主軸及特色。學校各系所分別在健康照護(Health Care)、健康飲食(Health Cuisine)、及健康休閒(Health Leisure)三大領域發展，以營造學校關懷健康(Care Health)教育發展之定位與特色。  二、本校透過VIP (Vision-integration-position) 三維同步工程規劃校務發展計畫及定位，其特色如下：(一)全校在Care 定位下逐步進行研發重點整合、課程整合，並且在健康特色領域內規劃全校及各系發展重點及特色。(二)全校教學與行政單位皆有發展重點，透過每年年度工作計畫之執行，讓各單位發展遠景逐夢實現。(三)透過通識教育規劃及實施，培育學生在語文、邏輯數理、空間、肢體動覺、藝術、人際、內省與性靈等八大智能。  最後希望在本校就讀每位學子皆可透過學校輔導機制選讀對的系科、對的課程、透過多元評量及課程輔導，讓學生安心學習及主動學習。
111,私立,一般大學,1195,馬偕學校財團法人馬偕醫學院,268,1,204,3,76.67,本校學士班目前設有三個學系，醫學系、護理系、聽力暨語言治療學系，醫學系以馬偕精神之核心價值教學，並結合馬偕醫院之臨床醫療、研究與教學能力，培育尊重生命的醫療專業人才；護理學系掌握國內外資源，並積極結合馬偕醫療體系，充份運用實務案例，培育護理專業能力與學養；聽語學系有優異專業及臨床師資與完善臨床實習空間，並結合馬偕醫院臨床聽語中心，培育具人文關懷之聽力師、語言治療師。本校目前設有三個研究所，生物醫學研究所(碩博士班)、長期照護研究所(碩士班)及高齡福祉科技研究所(碩士班)，生物醫學所以臨床與基礎醫學研究為發展方向，並與馬偕醫院簽訂產學合作計畫；長期照護所培育尊重生命的長期照護專業管理人才，且能應用於長照實務教育、管理及研究，並提供多元課程；高齡福祉科技研究所秉持「以人性為本、以高齡福祉為念、以科技為用」之理念，發展高齡化人口所需之友善環境與生活支持科技，促進高齡者活躍老化。
111,私立,一般大學,1196,法鼓學校財團法人法鼓文理學院,101,12,69,16,80.95,佛教學系：「佛教研究」可說是認識亞洲宗教、文化、藝術、思想、政治、社會等領域，所不可或缺的學科，隨著全球化的腳步，佛教逐漸成為現代世界重要的精神與思想的源泉，並且為提升社會公益與福祉以及環境的永續發展，提供全新的思考與意義。「佛教學系」是一門專業、積極、現代化且國際化的學科，「佛教學系」與時下所謂的「佛系」可一點也不相同！ 生命教育碩士學位學程願景： 1.整合並創發生命價值與意義，落實當代社會脈絡中的生命教育 2.涵蓋完整的生命歷程，深拓並開展社會關懷的理論與實務 3.建構跨領域研究與實踐之範疇：包含哲學、心理學、宗教、藝術、教育、文化等課程方向： 1.生命觀照 2.自他關係 3.生命美學 4.實踐能力 5.關懷專題 6.會通專題 社會企業與創新碩士學位學程願景：以心靈環保核心價值，實踐社會公益與關懷精神，培育具全球視野及跨領域之社會企業博識專才，創新有益身心靈福祉社區與環境之永續發展。
111,私立,技專校院,1282,馬偕學校財團法人馬偕醫護管理專科學校,946,0,915,0,96.72,日五專：  本校依據五專多元入學精神，辦理五專優先免試入學、北區聯合免試入學及東部地區五專護理科獎助生甄選入學等方案。招生科別為護理科、幼兒保育部、餐飲管理科、化妝品應用與管理科、視光學科、生命關懷事業科、人工智慧暨醫療應用科(110學年度設科)及智慧科技長期照顧科(111學年度設科)，秉承「寧願燒盡，不願銹壞」的馬偕精神與「誠敬愛勤」的校訓，以養成人文素養與實用專業兼備、關懷社區的馬偕人為目標。  二專在職專班：  本校辦理二專在職專班單獨招生，招收具高中職畢業或符合同等學力之在職人士，招收視光學科，培育具馬偕精神、專業知能及職場倫理之優質人才為教育目標，著重理論與實務，藉由多元的課程規劃，以培養學生之專業知能；並結合實習以及專題研討，提升學生實務能力。
111,私立,技專校院,1283,仁德醫護管理專科學校,1553,0,1325,2,85.34,五專設有護理科、復健科、視光學科、醫事檢驗科、餐旅管理科、口腔衛生學科、健康美容觀光科、職業安全衛生科、生命關懷事業科、生技製藥經營管理科及人工智慧暨醫療應用科等十一個科別，以招收國中畢業生為主，其中醫護類科為本校辦學主軸。教導基礎醫學及護理專業知識，培養學生尊重生命、關懷他人與敬業樂群的情懷，藉由實驗及臨床實習增加實務運用及操作，讓理論與實務合而為一。  二專在職專班設有視光學科、生命關懷事業科、調理保健技術科、高齡健康促進科及口腔衛生學科等五個科別，主要招收社會在職人士，提供進修學習的管道。規劃學生於畢業前取得喪禮服務及國家禮儀師證照和傳統整復推拿技術士證照等專業證照，致力於培育「賦權宏觀、群體關愛」的執業專才，訓練合乎社會需求的專業能力，以提升業界所需之專業人才。
111,私立,技專校院,1284,樹人醫護管理專科學校,1702,0,1625,0,95.48,本校秉持「仁慈博愛‧樹人樹德」之校訓，配合德、智、體、群、美、技六育平衡發展的國家教育方針，以及政府在醫療、衛生、健康、管理、語文及婦幼政策的需要，設計課程架構，發展出具特色的醫護管理科系；禮聘優良師資，充實教學設備，積極爭取社會資源，促進校務蓬勃發展；全力提升服務水準，善盡社會責任，使本校成為臺灣最優、技冠全國之一流醫事科技學府。
111,私立,技專校院,1285,慈惠醫護管理專科學校,796,0,410,0,51.51,"1、強調「養成實用醫療護理衛健及管理專業人才為宗旨」之教育目標。 <br> 2、學生人數穩定維持於3,000人以上規模，確保學生平等的受教權益。 <br> 3、學術單位依現有三大學群內涵，提供每位學生適足的教育資源，且分別依五專日間部、二專日間部、二專進修部及二專在職專班等學制辦理招生。 <br> 4、運用本校教師各項人力資源與專長，逐年增加進修教育、推廣教育及職業訓練課程之開設，強化社區服務。 <br> 5、近、中期以成為「一流專科學校」為目標，長期以成為「最具特色專科學校」為目標。 <br> 6、有效開源節流、整合資源，提高整體營運效益，達永續經營之目標。<br>"
111,私立,技專校院,1286,耕莘健康管理專科學校,908,0,824,2,90.77,本校自民國六十年由天主教會成立，九十六年更名為耕莘健康管理專科學校，九十七年起同時有新店校區和宜蘭校區。本校招收科別以健康照護、健康美妝、健康休閒與健康資訊等四大主軸為方向，包括有護理科、口腔衛生與健康照護科（106學年度開始招生）、嬰幼兒保育科、化妝品應用與管理科、健康餐旅科和數位媒體設計科（108學年度停招）。以教授應用科學與技術，培養具敬天愛人及健康相關實務能力之人才為教育宗旨，本校除重視學生專業知能外，更著重教會辦學以品德教育為基石，落實全人教育，為社會培育真正有用之人才。可提供各項學雜費減免、低收入戶免費住宿、緊急紓困金、耕莘醫院獎學金及校內工讀機會等方式，營造所有學生皆能安心就讀之校園氛圍。透過專業校外實習歷程、積極與業界產學合作以及與耕莘醫院及天主教教會相關事業資源之聯盟，豐沛本校教學資源，達成「所學即所用」的目標，確保學生畢業後具有穩健的就業能力與機會。
111,私立,技專校院,1287,敏惠醫護管理專科學校,911,0,694,0,76.18,(一)以學生快樂學習為信念  (二)以教師熱誠優質為根基  (三)以正向思維啟蒙為習慣  (四)以團隊輔導成長為志業  (五)以專業技能精進為標竿  (六)以創造美好未來為責任  (七)以健康照護領域為核心
111,私立,技專校院,1289,育英醫護管理專科學校,370,0,346,0,93.51,(一)本校期許培植業界最愛的「育英品牌」--優質、稱職之護理、高齡健康照顧與健康美容保健之專門人才，進而打造一所落實與產業無縫接軌，培育學生成為「產業界最愛之人才」且永續經營之學校。(二)本校護理科、老人健康健康服務事業管理科及化妝品應用與管理科符合高齡化社會的需求及健康美容之社會潮流。(三)課程結合業界需求，並提供優秀學生赴海外見習機會。(四)護理科護理師高考及格率平均達90%。(五)老人健康服務事業管理科設置高齡健康照顧示範中心，並已通過勞動部「單一級照顧服務員」術科考場評鑑，為高雄市區唯一考場。(六)化妝品應用與管理科榮獲全國美容美髮美甲美睫技術競賽團體總冠軍及OMC國際大賽冠軍，深獲各界肯定。(七)本校提供各項校內外獎助學金，包括獎學金、助學金、工讀金、急難救助金、學生學業成績優良獎學金、清寒學生助學金及學生緊急紓困金、失業勞工子女助學金、學生外語能力檢定獎學金、弱勢助學補助。
111,私立,技專校院,1291,聖母醫護管理專科學校,438,0,280,0,63.93,專科學校為培育技術人力的重要管道之一，重視適性且多元啟發教育，並與實務課程結合，主要教授應用科學與技術，課程設計獨具特色，著重實習實作演練及專題製作，鼓勵考取職場必備之專業證照，培養一技之長，使學生具備職場就業能力，在畢業後取得副學士學位。由大學等級的師資授課，擁有大學頂級的教學設備。課程中亦加入業界師資共同教學，使其更貼近實務技能並吸收產業最新知識，強化與職場銜接的實務能力。落實專業證照制度，證照可證明學生們的專業能力並提升職場的競爭力。亦設置乙丙級證照考場；亦有畢業專題製作課程，對於學生們將來升學或是就業發展，皆為重要的參考指標。安排進行校外實習課程，讓學生提早進入職場實務訓練，體驗職場工作環境，增加學生於職場的適應力與競爭力，並有機會了解產業界性質，確認自己的就業性向，進而提高就業、穩定率及企業滿意度。促進產學人才培育之連貫性，培養學生務實致用的觀念與能力，達到技職教育的終極目標。
111,私立,技專校院,1292,新生醫護管理專科學校,1273,0,1227,2,96.39,五專特色  專科學校為五年制簡稱五專，招收對象為國中畢業生或非應屆畢業生，修業5年，畢業後可取得副學士學位，為培育中產階級技術人力的重要管道之一。五專落實專業證照制度，所有科別皆有其對應之專業證照，具有專業能力及提升職場的競爭力外，依職場類別有的證照甚至是進入職場必備條件，在學期間亦將安排校外實習，可提早體驗工作職場、也有多元升學進路、可快速選擇人生的方向，非常適合性向明確、有理想目標的國中生加入五專的行列。    在職  配合國家長期照護政策發展，培育具有「經驗」、「證照」和「學歷」之長期照護實務專業人才，為全國唯一「長照」二專在職專班。高齡化社會，長期照護人才需求大，畢業好就業。
111,私立,技專校院,1293,崇仁醫護管理專科學校,700,0,580,0,82.86,本校設有護理科、餐飲管理科、美容保健科、應用外語科及老人服務事業管理科等科別。  護理科落實學用合一，推動多元實習，縮短學用落差，運用臨床技能檢測及情境模擬等提高學習效能，厚植與產業界之鏈結力，畢業立即就業。  餐飲管理科著重校外實習，建構理論與實務並重之三明治教學法。課程涵蓋中西餐點烹調、烘焙、企業管理等課程。輔導學生畢業前至少考取5張丙級技術士證照。  美容保健科是以彩妝整體造型、美膚美體保健及醫學美容等課程為主軸，畢業後即可從事醫學美容師、彩妝造型設計師、芳香保健師等工作。  應用外語科課程著重英日西語溝通與職場實務能力，輔導學生畢業前考取專業證照及模組相關證照。同時積極推動海外實習學術交流。  老人服務事業管理科重視學理與實務連結，輔導學生畢業前至少考取5張專業證照。課程規劃包含失能照顧、健康促進、服務管理與實習等課程。
111,私立,宗教研修學院,1R02,學校財團法人中華浸信會基督教台灣浸會神學院,18,2,13,0,81.25,1. 承接優良傳統，在教會界有好名聲。  2. 校園地處台北信義區，交通便利，校園優美，最適合學生學習靈修的幽靜環境。  3. 教職員生關係良好。  4. 教學內容適用於實際牧養，不是封閉式洞穴理論，對教會牧養與培訓有所助益。  5. 優秀師長具有專業訓練並有牧者心志和事奉的經歷。  6. 全人教育，著重品德，並有教師的身段榜樣，引導學生的順服與委身。  7. 差派學生教會實習，提供實用的教學相長機會，有益畢業後的教會牧養工作。  8. 有許多代禱與支持者，在財務上有穩固的支持體系。
111,私立,宗教研修學院,1R03,臺北基督學院,22,1,19,0,90.48,本校特色為基督教博雅教育，強調結合基督教信仰與學生學習，學生一律住校，透過正式課程與生活教育培育學生基督徒品格，使其一生為真理作見證與服務社會。不同於一般大學院校之通識教育，博雅教育宗旨乃教導人「學識廣博，生活高雅」，因此，本校學生須修滿61學分的核心課程，包含聖經類、語言類、科學類、人文類、社會科學類、及其他類別之課程。學生學習能力指標除上述培育學生基督徒品格外，亦包括建立學生思辨能力、溝通能力、創新創意、合作能力、富同情心、專業能力、對家庭／教會／社會之貢獻。本校教育特色正如愛因斯坦所言：「博雅學院的價值不在於學習各樣的知識，而是訓練心智如何學習書本上學不到的知識」。
111,私立,宗教研修學院,1R04,財團法人一貫道天皇基金會一貫道天皇學院,65,0,40,0,61.54,碩士班及碩士在職專班:辦學特色:以人文科學思維為基礎，融入道場行門儀軌概念，培育弘法佈道、道務經營和宗教研修 之種子人才，期能闡揚一貫道之精髓，廣被天下有緣眾生。 學士班： 辦學特色:融合德門、學門、行門三個向度交織成綿密的學習網，不止是學習書本上的知識，更是德行上的裪冶，不止學會做事的方法，更學會做人的態度。學院優質的環境提供學生一個安全、無染著的最佳學習環境，在德行實踐與佛規禮節的教育下成為一位允文允武的優秀人才。 學習一貫道義理與專業知識，除了能幫助宏法佈道外，並擬開設多個學程輔導考取專業證照，幫助學生做好升學、就業或道場服務的準備。 學士班就業學程為:(一）安養照護就業學程。（二）蔬食健康就業學程。 （三）文化創意就業學程。
111,私立,宗教研修學院,1R05,台神學校財團法人台灣神學研究學院,47,1,42,2,91.67,本校為台灣基督長老教會所屬教育部立案學校，配合長老教會及其他友好教派教會開拓台灣各地教會(含原住民教會)，培育基督教教會牧者人才、高等神學教育師資及教會多元服事（基督教靈性諮商協談及教會音樂）人才。並且培養醫院、長照機構、安養單位、教會與社福機構在職人員各種靈性照顧課程，以幫助人找到生命意義、愛與寬恕力量。
111,私立,宗教研修學院,1R06,一貫道崇德學院,12,0,12,1,100.00,招生特色：  1.本校屬一貫道興辦之宗教研修學院，以培養一貫道神職人員為教育目標，兼具宗教實踐與學術研究之深化。   2.本校著重實踐，將道落實在生活中，將抽象的觀念具體化，提供修行者一個具體的修行步驟。吸引很多一貫道道親就讀。   3.本校除了網站招生之外，也會有計畫的在宗教內宣導，成效頗大。   4.透過網站以及臉書成立群組，都達到招生的效用。   5.本校之教育採人本教育，符合現代人的心靈需求，深深吸引有志於探究心靈思想的學者深入研究。   6.本校融合各教思想，包容各教學說，去蕪存菁，廣為各教接納，並給予肯定。   7.一貫道道內教育體系健全，有一個教育進程，對於道內高級知識分子來說，讀研究所是必經之路，因此學生來源不虞匱乏。
111,私立,宗教研修學院,1R07,台灣基督長老教會南神神學院,26,1,14,0,56.00,本校神學研究所及基督教研究所碩士班，以傳揚並見證耶穌基督救恩與博愛為宗旨，致力培育基督教信仰研究、教會音樂或宗教社會工作專業人才，以服務教會及社會。
111,私立,宗教研修學院,1R08,中華福音神學研究學院,30,2,25,0,89.29,課程設計除了基礎聖經與神學課程，將強化教牧情境的觀察與回應，為深度事奉奠定良好之基礎。在教會可投入傳福音、牧養、關顧、講道之事奉，可配搭事奉，亦可獨立牧會。培育具福音基礎與國際觀、有神學反思與文化人類學觀察能力之宣教士，使其在跨文化宣教中，成為合神心意的工人與僕人領袖。
111,私立,宗教研修學院,1R09,唯心聖教學院,15,0,15,0,100.00,唯心聖教應用易經研究所是培育具宗教關懷，能於世間弘法利生，為士農工商百業創造永續發展經營的大智慧賢者之基地，為社會國家培育齊家、治事業、治國、平天下之賢者，使其於畢業之後，安邦定國成為社會國家之中流砥柱。本所之核心價值是建構於唯心聖教之天命「防止世界之飢餓與貧窮而發生之戰爭」，以及本聖教之核心法脈教義–「為國修道、為民祈福」，與追根溯源大孝法門、安心法門、利他法門、消災化劫法門、禮運大同法門等五大唯心聖教法門教義。希冀畢業生之未來能成為國家政府或企業組織之佐國良相亦或百業之創業領導者，創造安定祥和富足的社會國家，進而達到世界大同、天下太平之境。
111,公立,一般大學,3002,臺北市立大學,2043,0,1961,36,96.06,本校於2013年8月1日正式成立，由臺北市立教育大學及臺北市立體育學院合併而成之綜合性大學。原臺北市立教育大學源自於1895年建立的「芝山巖學堂」。是臺灣地區歷史最悠久的大學，為我國培育無數優質之學校行政領導及教學人才，目前通過教師檢定及考取正式教師人數仍為師資培育大學之領先者。原臺北市立體育學院源自於1968年「臺北市立體育專科學校」，是貫徹政府發展全民體育政策，培養菁英運動員、舞蹈藝術人才、各級學校體育教師、運動教練、運動科學研究人員、運動領導人才及優秀社會體育工作人員之重點學校。臺北市立大學融合兩校原有優良傳統，在原有師資培育的優良傳統下，營造成一所「師資培育典範大學」；植基於培育績優運動競技選手之優勢，打造成一所「奪金選手重鎮大學」；更基於學校在人文藝術、科學教育、運動休閒的專業，以及臺北市政府未來對市政管理與發展人才之需求，建設為一所「都會特色創新大學」。
